Table with row headings in column A and column headings in row 2.,_unnamed,_unnamed_2,_unnamed_3,_unnamed_4,_unnamed_5,_unnamed_6,_unnamed_7,_unnamed_8,_unnamed_9,_unnamed_10
name,rank,count,prop100k,cum_prop100k,pctwhite,pctblack,pctapi,pctaian,pct2prace,pcthispanic
SMITH,1.0,2376206.0,880.85,880.85,73.35,22.22,0.4,0.85,1.63,1.56
JOHNSON,2.0,1857160.0,688.44,1569.3,61.55,33.8,0.42,0.91,1.82,1.5
WILLIAMS,3.0,1534042.0,568.66,2137.96,48.52,46.72,0.37,0.78,2.01,1.6
BROWN,4.0,1380145.0,511.62,2649.58,60.71,34.54,0.41,0.83,1.86,1.64
JONES,5.0,1362755.0,505.17,3154.75,57.69,37.73,0.35,0.94,1.85,1.44
MILLER,6.0,1127803.0,418.07,3572.82,85.81,10.41,0.42,0.63,1.31,1.43
DAVIS,7.0,1072335.0,397.51,3970.33,64.73,30.77,0.4,0.79,1.73,1.58
GARCIA,8.0,858289.0,318.17,4288.5,6.17,0.49,1.43,0.58,0.51,90.81
RODRIGUEZ,9.0,804240.0,298.13,4586.62,5.52,0.54,0.58,0.24,0.41,92.7
WILSON,10.0,783051.0,290.27,4876.9,69.72,25.32,0.46,1.03,1.74,1.73
MARTINEZ,11.0,775072.0,287.32,5164.22,6.04,0.52,0.6,0.64,0.46,91.72
ANDERSON,12.0,762394.0,282.62,5446.83,77.6,18.06,0.48,0.7,1.59,1.58
TAYLOR,13.0,720370.0,267.04,5713.87,67.8,27.67,0.39,0.75,1.78,1.61
THOMAS,14.0,710696.0,263.45,5977.33,55.53,38.17,1.63,1.01,2.0,1.66
HERNANDEZ,15.0,706372.0,261.85,6239.18,4.55,0.38,0.65,0.27,0.35,93.81
MOORE,16.0,698671.0,259.0,6498.17,68.85,26.92,0.37,0.65,1.7,1.5
MARTIN,17.0,672711.0,249.37,6747.54,77.47,15.3,0.71,0.94,1.59,3.99
JACKSON,18.0,666125.0,246.93,6994.47,41.93,53.02,0.31,1.04,2.18,1.53
THOMPSON,19.0,644368.0,238.87,7233.34,72.48,22.53,0.44,1.15,1.78,1.62
WHITE,20.0,639515.0,237.07,7470.4,67.91,27.38,0.39,1.01,1.76,1.55
LOPEZ,21.0,621536.0,230.4,7700.81,5.85,0.61,1.04,0.47,0.52,91.51
LEE,22.0,605860.0,224.59,7925.4,40.09,17.41,37.83,1.03,2.3,1.34
GONZALEZ,23.0,597718.0,221.57,8146.97,4.76,0.37,0.38,0.18,0.33,93.99
HARRIS,24.0,593542.0,220.02,8366.99,53.88,41.63,0.36,0.65,2.02,1.45
CLARK,25.0,548369.0,203.28,8570.27,76.84,18.53,0.41,0.94,1.6,1.68
LEWIS,26.0,509930.0,189.03,8759.3,60.97,33.83,0.45,1.14,1.97,1.64
ROBINSON,27.0,503028.0,186.47,8945.77,51.34,44.1,0.37,0.51,1.99,1.68
WALKER,28.0,501307.0,185.83,9131.61,61.25,34.17,0.35,0.83,1.8,1.6
PEREZ,29.0,488521.0,181.09,9312.7,5.95,0.48,1.18,0.26,0.48,91.65
HALL,30.0,473568.0,175.55,9488.25,75.11,20.75,0.48,0.63,1.63,1.4
YOUNG,31.0,465948.0,172.73,9660.97,68.91,23.79,2.95,0.73,1.93,1.69
ALLEN,32.0,463368.0,171.77,9832.74,70.24,25.14,0.41,0.83,1.77,1.62
SANCHEZ,33.0,441242.0,163.57,9996.31,5.77,0.5,1.01,0.49,0.45,91.78
WRIGHT,34.0,440367.0,163.24,10159.55,68.3,27.36,0.4,0.66,1.75,1.52
KING,35.0,438986.0,162.73,10322.28,72.8,22.02,0.88,0.97,1.71,1.62
SCOTT,36.0,420091.0,155.73,10478.01,62.6,32.26,0.41,1.15,1.9,1.68
GREEN,37.0,413477.0,153.27,10631.29,59.33,36.23,0.34,0.61,1.78,1.71
BAKER,38.0,413351.0,153.23,10784.51,82.08,13.63,0.45,0.83,1.54,1.47
ADAMS,39.0,413086.0,153.13,10937.64,76.17,19.2,0.45,0.79,1.63,1.76
NELSON,40.0,412236.0,152.81,11090.46,80.29,14.93,0.51,1.09,1.49,1.68
HILL,41.0,411770.0,152.64,11243.1,66.83,28.42,0.42,0.91,1.78,1.64
RAMIREZ,42.0,388987.0,144.2,11387.3,4.4,0.29,0.97,0.27,0.4,93.67
CAMPBELL,43.0,371953.0,137.88,11525.18,76.47,19.13,0.43,0.65,1.67,1.65
MITCHELL,44.0,367433.0,136.21,11661.38,63.55,31.52,0.39,0.98,1.93,1.63
ROBERTS,45.0,366215.0,135.75,11797.14,79.56,15.86,0.47,0.85,1.67,1.58
CARTER,46.0,362548.0,134.4,11931.53,60.51,34.99,0.39,0.71,1.88,1.52
PHILLIPS,47.0,351848.0,130.43,12061.96,78.95,16.36,0.45,0.99,1.68,1.58
EVANS,48.0,342237.0,126.87,12188.83,70.65,25.05,0.4,0.68,1.67,1.55
TURNER,49.0,335663.0,124.43,12313.26,66.67,29.31,0.33,0.56,1.72,1.4
TORRES,50.0,325169.0,120.54,12433.8,6.05,0.58,1.42,0.26,0.53,91.16
PARKER,51.0,324246.0,120.2,12554.0,71.49,24.09,0.44,0.85,1.67,1.46
COLLINS,52.0,317848.0,117.83,12671.82,73.92,21.7,0.37,0.75,1.65,1.61
EDWARDS,53.0,317070.0,117.54,12789.36,65.16,30.21,0.4,0.75,1.84,1.63
STEWART,54.0,312899.0,115.99,12905.35,71.78,23.83,0.38,0.74,1.69,1.59
FLORES,55.0,312615.0,115.89,13021.23,5.57,0.47,2.15,0.43,0.54,90.84
MORRIS,56.0,311754.0,115.57,13136.8,75.92,19.29,0.43,0.93,1.7,1.73
NGUYEN,57.0,310125.0,114.96,13251.76,1.26,0.18,95.93,0.04,2.01,0.58
MURPHY,58.0,300501.0,111.39,13363.16,85.05,11.03,0.43,0.65,1.29,1.54
RIVERA,59.0,299463.0,111.01,13474.17,5.92,1.06,2.06,0.24,0.55,90.17
COOK,60.0,294795.0,109.28,13583.45,83.52,12.27,0.44,0.86,1.48,1.42
ROGERS,61.0,294403.0,109.13,13692.58,77.8,17.66,0.42,0.77,1.58,1.77
MORGAN,62.0,276400.0,102.46,13795.04,78.47,16.47,0.42,1.15,1.64,1.86
PETERSON,63.0,275041.0,101.96,13897.0,86.29,9.58,0.52,0.7,1.33,1.56
COOPER,64.0,270097.0,100.12,13997.12,70.36,25.26,0.4,0.76,1.69,1.54
REED,65.0,267443.0,99.14,14096.26,73.51,21.97,0.4,1.0,1.67,1.45
BAILEY,66.0,265916.0,98.57,14194.84,74.77,21.14,0.4,0.61,1.63,1.45
BELL,67.0,264752.0,98.14,14292.98,63.57,31.78,0.41,0.9,1.8,1.55
GOMEZ,68.0,263590.0,97.71,14390.69,6.1,0.81,1.04,0.34,0.54,91.16
KELLY,69.0,260385.0,96.52,14487.22,80.39,15.48,0.49,0.55,1.35,1.73
HOWARD,70.0,254779.0,94.45,14581.66,66.83,28.69,0.38,0.82,1.74,1.55
WARD,71.0,254121.0,94.2,14675.86,77.79,17.77,0.4,0.83,1.57,1.64
COX,72.0,253771.0,94.07,14769.94,84.48,11.55,0.39,0.64,1.42,1.52
DIAZ,73.0,251772.0,93.33,14863.27,6.17,0.73,1.19,0.22,0.47,91.22
RICHARDSON,74.0,249533.0,92.5,14955.77,62.25,32.77,0.36,1.05,1.82,1.75
WOOD,75.0,247299.0,91.67,15047.44,90.06,5.61,0.51,0.82,1.4,1.6
WATSON,76.0,242432.0,89.87,15137.31,68.58,26.85,0.47,0.8,1.72,1.58
BROOKS,77.0,240751.0,89.25,15226.56,62.72,32.67,0.41,0.75,1.83,1.62
BENNETT,78.0,239055.0,88.62,15315.17,79.0,16.51,0.41,0.89,1.54,1.65
GRAY,79.0,236713.0,87.75,15402.92,71.13,24.36,0.44,0.84,1.66,1.57
JAMES,80.0,233224.0,86.46,15489.38,54.45,38.09,0.81,2.51,2.1,2.04
REYES,81.0,232511.0,86.19,15575.57,5.26,0.75,6.02,0.3,0.76,86.9
CRUZ,82.0,231065.0,85.66,15661.22,5.95,0.83,5.61,0.38,0.99,86.24
HUGHES,83.0,229390.0,85.03,15746.26,80.6,15.45,0.39,0.52,1.46,1.58
PRICE,84.0,228756.0,84.8,15831.06,76.11,19.79,0.42,0.64,1.58,1.46
MYERS,85.0,224824.0,83.34,15914.4,86.59,9.75,0.38,0.53,1.35,1.4
LONG,86.0,223494.0,82.85,15997.25,82.35,11.75,1.78,1.21,1.44,1.47
FOSTER,87.0,221040.0,81.94,16079.19,72.0,23.19,0.46,0.86,1.78,1.7
SANDERS,88.0,220902.0,81.89,16161.07,63.44,31.9,0.33,0.85,1.73,1.76
ROSS,89.0,219961.0,81.54,16242.61,71.46,23.67,0.46,0.89,1.69,1.82
MORALES,90.0,217642.0,80.68,16323.29,5.6,0.6,1.24,0.25,0.44,91.88
POWELL,91.0,216553.0,80.28,16403.57,69.96,25.97,0.38,0.56,1.71,1.41
SULLIVAN,92.0,215640.0,79.94,16483.5,89.45,6.78,0.46,0.52,1.16,1.63
RUSSELL,93.0,215432.0,79.86,16563.36,79.45,15.79,0.43,1.0,1.7,1.63
ORTIZ,94.0,214683.0,79.58,16642.95,5.4,0.64,0.68,0.48,0.45,92.35
JENKINS,95.0,213737.0,79.23,16722.18,60.12,35.97,0.33,0.55,1.69,1.34
GUTIERREZ,96.0,212905.0,78.92,16801.1,5.21,0.25,1.4,0.33,0.42,92.39
PERRY,97.0,212644.0,78.83,16879.93,70.71,24.37,0.46,0.82,1.86,1.78
BUTLER,98.0,210879.0,78.17,16958.1,64.75,30.85,0.35,0.81,1.75,1.5
BARNES,99.0,210426.0,78.0,17036.1,67.45,28.23,0.4,0.72,1.71,1.49
FISHER,100.0,210279.0,77.95,17114.05,84.59,11.28,0.42,0.71,1.42,1.58
HENDERSON,101.0,210094.0,77.88,17191.94,62.18,33.2,0.38,0.82,1.81,1.61
COLEMAN,102.0,208624.0,77.34,17269.27,52.04,43.83,0.33,0.5,1.87,1.44
SIMMONS,103.0,201650.0,74.75,17344.02,60.55,35.26,0.35,0.61,1.74,1.5
PATTERSON,104.0,198557.0,73.6,17417.63,70.09,25.66,0.37,0.61,1.67,1.61
JORDAN,105.0,197212.0,73.11,17490.73,64.3,30.06,0.44,0.68,1.67,2.86
REYNOLDS,106.0,195598.0,72.51,17563.24,83.28,12.5,0.42,0.61,1.55,1.65
HAMILTON,107.0,194331.0,72.04,17635.28,72.79,22.65,0.44,0.78,1.73,1.61
GRAHAM,108.0,194074.0,71.94,17707.22,72.84,22.72,0.42,0.77,1.61,1.64
KIM,109.0,194067.0,71.94,17779.16,2.6,0.36,94.52,0.03,1.99,0.5
GONZALES,110.0,193934.0,71.89,17851.05,10.0,0.86,3.1,0.76,0.84,84.44
ALEXANDER,111.0,193443.0,71.71,17922.76,60.91,33.22,0.91,0.7,2.05,2.21
RAMOS,112.0,193096.0,71.58,17994.34,7.2,0.92,5.04,0.25,1.18,85.42
WALLACE,113.0,190760.0,70.71,18065.06,71.76,23.73,0.43,0.73,1.72,1.64
GRIFFIN,114.0,190636.0,70.67,18135.72,66.46,29.77,0.34,0.5,1.56,1.36
WEST,115.0,188464.0,69.86,18205.59,77.69,17.8,0.39,0.81,1.64,1.66
COLE,116.0,187793.0,69.61,18275.2,77.59,18.2,0.43,0.68,1.61,1.48
HAYES,117.0,187473.0,69.5,18344.7,71.64,24.05,0.38,0.73,1.71,1.48
CHAVEZ,118.0,185865.0,68.9,18413.6,5.65,0.21,0.59,1.15,0.43,91.98
GIBSON,119.0,184420.0,68.36,18481.96,74.57,21.07,0.36,0.85,1.65,1.49
BRYANT,120.0,183761.0,68.12,18550.08,60.97,34.68,0.3,0.89,1.79,1.37
ELLIS,121.0,181934.0,67.44,18617.52,72.82,22.6,0.44,0.66,1.64,1.83
STEVENS,122.0,181417.0,67.25,18684.77,83.4,11.4,0.53,1.23,1.64,1.79
MURRAY,123.0,178414.0,66.14,18750.91,77.59,18.13,0.48,0.6,1.54,1.66
FORD,124.0,178397.0,66.13,18817.04,64.28,31.4,0.37,0.61,1.84,1.51
MARSHALL,125.0,177213.0,65.69,18882.73,68.89,26.35,0.42,0.88,1.82,1.64
OWENS,126.0,176334.0,65.37,18948.1,68.09,27.86,0.31,0.71,1.69,1.35
MCDONALD,127.0,176094.0,65.28,19013.38,79.19,16.26,0.43,0.76,1.51,1.85
HARRISON,128.0,175577.0,65.09,19078.46,71.0,23.76,0.42,1.35,1.69,1.78
RUIZ,129.0,175429.0,65.03,19143.49,6.12,0.48,1.01,0.28,0.41,91.7
KENNEDY,130.0,171636.0,63.62,19207.12,82.97,12.98,0.46,0.62,1.4,1.57
WELLS,131.0,170635.0,63.25,19270.37,76.31,19.34,0.37,0.8,1.61,1.56
ALVAREZ,132.0,168817.0,62.58,19332.95,6.61,0.64,1.15,0.47,0.47,90.66
WOODS,133.0,168814.0,62.58,19395.53,60.68,34.66,0.35,0.84,1.92,1.55
MENDOZA,134.0,168567.0,62.49,19458.02,4.93,0.38,5.2,0.29,0.64,88.57
CASTILLO,135.0,165473.0,61.34,19519.36,5.62,0.77,3.26,0.75,0.75,88.85
OLSON,136.0,163502.0,60.61,19579.97,96.03,0.36,0.54,0.64,1.04,1.38
WEBB,137.0,163481.0,60.6,19640.57,77.74,18.36,0.38,0.62,1.5,1.41
WASHINGTON,138.0,163036.0,60.44,19701.01,5.16,89.87,0.25,0.64,2.64,1.45
TUCKER,139.0,162933.0,60.4,19761.41,72.06,23.57,0.33,0.74,1.72,1.59
FREEMAN,140.0,162686.0,60.31,19821.71,67.96,27.47,0.37,0.95,1.76,1.49
BURNS,141.0,162153.0,60.11,19881.82,82.18,13.63,0.45,0.71,1.45,1.59
HENRY,142.0,161392.0,59.83,19941.65,65.06,28.76,0.57,1.71,2.0,1.9
VASQUEZ,143.0,159989.0,59.31,20000.96,5.49,0.5,0.69,0.37,0.49,92.46
SNYDER,144.0,159363.0,59.08,20060.03,95.37,1.28,0.46,0.51,1.11,1.28
SIMPSON,145.0,158241.0,58.66,20118.69,73.29,22.13,0.44,0.78,1.68,1.69
CRAWFORD,146.0,158121.0,58.61,20177.31,71.31,24.47,0.4,0.69,1.69,1.45
JIMENEZ,147.0,157475.0,58.38,20235.68,4.46,0.31,1.53,0.27,0.45,92.98
PORTER,148.0,156848.0,58.14,20293.83,71.19,24.44,0.42,0.75,1.62,1.58
MASON,149.0,155484.0,57.64,20351.47,70.99,24.48,0.42,0.73,1.7,1.68
SHAW,150.0,155172.0,57.52,20408.99,74.67,20.23,1.24,0.73,1.65,1.48
GORDON,151.0,154934.0,57.43,20466.42,67.75,27.22,0.45,0.69,1.89,2.0
WAGNER,152.0,154516.0,57.28,20523.7,93.97,2.5,0.43,0.49,1.0,1.6
HUNTER,153.0,154410.0,57.24,20580.94,62.92,32.3,0.4,0.97,1.87,1.54
ROMERO,154.0,153772.0,57.0,20637.94,10.44,0.46,1.34,0.95,0.66,86.13
HICKS,155.0,153618.0,56.95,20694.89,69.46,26.14,0.37,0.94,1.68,1.42
DIXON,156.0,152015.0,56.35,20751.24,57.05,38.21,0.38,0.89,1.84,1.62
HUNT,157.0,151986.0,56.34,20807.58,76.03,16.33,0.48,3.93,1.68,1.55
PALMER,158.0,150407.0,55.76,20863.33,77.87,17.31,0.45,0.83,1.62,1.93
ROBERTSON,159.0,150299.0,55.72,20919.05,75.35,20.24,0.41,0.87,1.55,1.58
BLACK,160.0,150186.0,55.67,20974.72,76.65,18.56,0.42,1.35,1.49,1.53
HOLMES,161.0,150166.0,55.67,21030.39,59.22,36.52,0.31,0.73,1.72,1.5
STONE,162.0,149802.0,55.53,21085.92,87.4,7.9,0.55,0.93,1.58,1.64
MEYER,163.0,149664.0,55.48,21141.4,96.07,0.45,0.57,0.24,1.13,1.55
BOYD,164.0,149476.0,55.41,21196.81,65.64,29.94,0.41,0.97,1.66,1.38
MILLS,165.0,147909.0,54.83,21251.64,79.7,16.09,0.4,0.79,1.5,1.52
WARREN,166.0,147906.0,54.83,21306.47,72.5,23.09,0.43,0.8,1.72,1.47
FOX,167.0,147357.0,54.62,21361.09,89.82,5.68,0.55,1.03,1.39,1.54
ROSE,168.0,146924.0,54.46,21415.56,84.23,10.86,0.52,0.61,1.83,1.95
RICE,169.0,146440.0,54.28,21469.84,79.65,16.26,0.4,0.65,1.51,1.52
MORENO,170.0,146088.0,54.15,21524.0,7.05,0.37,0.64,0.48,0.49,90.97
SCHMIDT,171.0,145565.0,53.96,21577.96,96.48,0.28,0.46,0.33,0.87,1.57
PATEL,172.0,145066.0,53.78,21631.73,1.55,0.26,91.37,0.41,5.84,0.57
FERGUSON,173.0,142256.0,52.73,21684.47,77.54,18.05,0.44,0.6,1.66,1.71
NICHOLS,174.0,141936.0,52.62,21737.08,84.29,11.36,0.41,0.69,1.57,1.69
HERRERA,175.0,140786.0,52.19,21789.27,5.6,0.37,1.01,0.68,0.41,91.93
MEDINA,176.0,139353.0,51.66,21840.93,6.39,0.53,1.95,0.39,0.64,90.1
RYAN,177.0,139335.0,51.65,21892.58,93.33,2.82,0.64,0.42,1.17,1.62
FERNANDEZ,178.0,139302.0,51.64,21944.22,11.35,1.28,5.17,0.22,1.29,80.7
WEAVER,179.0,138811.0,51.46,21995.68,85.71,10.02,0.4,1.07,1.4,1.41
DANIELS,180.0,138776.0,51.44,22047.12,57.17,37.83,0.44,0.86,1.92,1.78
STEPHENS,181.0,138742.0,51.43,22098.55,76.54,19.22,0.37,0.64,1.61,1.63
GARDNER,182.0,138660.0,51.4,22149.95,77.23,18.67,0.44,0.67,1.51,1.47
PAYNE,183.0,138028.0,51.17,22201.12,73.69,22.03,0.35,0.54,1.75,1.64
KELLEY,184.0,137555.0,50.99,22252.11,85.81,10.21,0.47,0.62,1.52,1.38
DUNN,185.0,136955.0,50.77,22302.88,82.35,13.48,0.63,0.54,1.48,1.53
PIERCE,186.0,136517.0,50.61,22353.48,82.72,12.63,0.4,1.01,1.61,1.64
ARNOLD,187.0,136315.0,50.53,22404.02,83.35,12.63,0.43,0.55,1.48,1.56
TRAN,188.0,136095.0,50.45,22454.47,1.56,0.16,95.61,0.07,1.98,0.62
SPENCER,189.0,134443.0,49.84,22504.3,71.71,22.55,0.69,1.33,1.97,1.75
PETERS,190.0,134231.0,49.76,22554.06,85.16,9.45,0.78,1.34,1.54,1.73
HAWKINS,191.0,134066.0,49.7,22603.76,63.6,32.07,0.37,0.65,1.72,1.58
GRANT,192.0,134034.0,49.69,22653.45,58.25,36.58,0.41,1.07,1.89,1.81
HANSEN,193.0,133474.0,49.48,22702.93,95.64,0.4,0.6,0.49,1.24,1.62
CASTRO,194.0,133254.0,49.4,22752.32,8.72,0.66,3.83,0.3,0.97,85.52
HOFFMAN,195.0,132645.0,49.17,22801.49,95.45,1.11,0.44,0.53,1.04,1.43
HART,196.0,132466.0,49.1,22850.6,82.71,12.92,0.46,0.73,1.48,1.7
ELLIOTT,197.0,132457.0,49.1,22899.7,83.87,12.16,0.42,0.62,1.48,1.45
CUNNINGHAM,198.0,131896.0,48.89,22948.59,75.56,20.4,0.41,0.47,1.53,1.63
KNIGHT,199.0,131860.0,48.88,22997.47,74.79,20.78,0.4,0.74,1.67,1.63
BRADLEY,200.0,131289.0,48.67,23046.14,71.21,24.39,0.4,0.82,1.62,1.56
CARROLL,201.0,131020.0,48.57,23094.71,85.05,11.0,0.44,0.63,1.39,1.5
HUDSON,202.0,130793.0,48.48,23143.19,69.35,26.22,0.39,0.9,1.66,1.49
DUNCAN,203.0,130419.0,48.35,23191.54,78.88,16.48,0.39,0.94,1.65,1.66
ARMSTRONG,204.0,129982.0,48.18,23239.72,74.96,20.3,0.47,0.86,1.64,1.76
BERRY,205.0,129405.0,47.97,23287.69,73.27,22.26,0.44,0.68,1.75,1.6
ANDREWS,206.0,129320.0,47.94,23335.63,74.23,20.84,0.59,0.92,1.78,1.65
JOHNSTON,207.0,128935.0,47.8,23383.43,93.13,2.45,0.52,0.74,1.41,1.74
RAY,208.0,128794.0,47.74,23431.17,77.59,17.07,1.25,0.8,1.64,1.66
LANE,209.0,128727.0,47.72,23478.89,79.36,16.22,0.5,0.85,1.52,1.54
RILEY,210.0,127960.0,47.43,23526.33,75.08,20.52,0.39,0.81,1.51,1.68
CARPENTER,211.0,127073.0,47.11,23573.43,88.07,8.13,0.45,0.6,1.32,1.43
PERKINS,212.0,126951.0,47.06,23620.49,71.52,23.95,0.43,0.71,1.76,1.63
AGUILAR,213.0,126399.0,46.86,23667.35,4.7,0.22,1.74,0.66,0.49,92.19
SILVA,214.0,126164.0,46.77,23714.12,33.68,1.19,1.82,0.41,4.75,58.15
RICHARDS,215.0,125653.0,46.58,23760.7,81.74,13.28,0.53,0.94,1.62,1.89
WILLIS,216.0,125627.0,46.57,23807.26,64.74,30.38,0.46,1.16,1.77,1.49
MATTHEWS,217.0,124839.0,46.28,23853.54,66.21,29.45,0.49,0.54,1.79,1.53
CHAPMAN,218.0,124614.0,46.19,23899.74,81.57,14.11,0.42,0.79,1.53,1.58
LAWRENCE,219.0,124321.0,46.09,23945.82,71.93,23.12,0.58,0.91,1.81,1.65
GARZA,220.0,124130.0,46.01,23991.84,6.59,0.19,0.15,0.29,0.31,92.47
VARGAS,221.0,123952.0,45.95,24037.78,6.2,0.44,0.84,0.23,0.51,91.78
WATKINS,222.0,122447.0,45.39,24083.18,64.54,31.38,0.33,0.62,1.78,1.35
WHEELER,223.0,121684.0,45.11,24128.28,82.79,12.84,0.41,0.91,1.45,1.61
LARSON,224.0,121064.0,44.88,24173.16,96.13,0.39,0.55,0.62,1.03,1.27
CARLSON,225.0,120124.0,44.53,24217.69,96.22,0.4,0.54,0.5,1.03,1.32
HARPER,226.0,119868.0,44.43,24262.13,70.12,25.64,0.36,0.6,1.77,1.5
GEORGE,227.0,119778.0,44.4,24306.53,71.44,17.37,4.67,2.22,2.07,2.24
GREENE,228.0,119604.0,44.34,24350.86,70.34,25.52,0.39,0.72,1.73,1.3
BURKE,229.0,119175.0,44.18,24395.04,87.74,8.4,0.48,0.49,1.31,1.57
GUZMAN,230.0,118390.0,43.89,24438.93,4.73,0.49,1.44,0.21,0.45,92.69
MORRISON,231.0,117939.0,43.72,24482.65,81.68,13.8,0.5,0.93,1.6,1.5
MUNOZ,232.0,117774.0,43.66,24526.31,5.52,0.3,0.88,0.29,0.41,92.61
JACOBS,233.0,115540.0,42.83,24569.14,76.65,15.86,0.48,3.66,1.63,1.72
OBRIEN,234.0,115385.0,42.77,24611.91,95.31,1.13,0.53,0.33,1.18,1.52
LAWSON,235.0,115186.0,42.7,24654.61,76.3,19.71,0.33,0.6,1.67,1.39
FRANKLIN,236.0,114859.0,42.58,24697.19,57.22,37.78,0.45,0.87,1.96,1.71
LYNCH,237.0,114448.0,42.43,24739.61,84.22,11.23,0.43,0.98,1.46,1.68
BISHOP,238.0,114034.0,42.27,24781.88,86.38,9.71,0.46,0.51,1.41,1.53
CARR,239.0,113892.0,42.22,24824.1,75.79,20.07,0.36,0.56,1.6,1.63
SALAZAR,240.0,113468.0,42.06,24866.17,6.14,0.28,1.59,0.58,0.52,90.89
AUSTIN,241.0,113160.0,41.95,24908.11,69.57,25.5,0.5,0.81,1.79,1.82
MENDEZ,242.0,112736.0,41.79,24949.91,5.27,0.81,0.47,0.35,0.51,92.6
GILBERT,243.0,112406.0,41.67,24991.57,80.31,14.98,0.42,0.69,1.49,2.11
JENSEN,244.0,112332.0,41.64,25033.21,95.44,0.36,0.58,0.79,1.18,1.65
WILLIAMSON,245.0,112216.0,41.6,25074.81,79.22,16.74,0.39,0.71,1.51,1.44
MONTGOMERY,246.0,112144.0,41.57,25116.38,70.22,25.53,0.45,0.55,1.72,1.53
HARVEY,247.0,112136.0,41.57,25157.95,70.7,24.11,0.41,1.56,1.65,1.58
OLIVER,248.0,111641.0,41.38,25199.34,66.74,26.81,0.54,0.72,1.85,3.33
HOWELL,249.0,109634.0,40.64,25239.98,81.31,14.55,0.36,0.67,1.48,1.64
DEAN,250.0,109230.0,40.49,25280.47,78.74,16.23,0.81,0.64,1.76,1.82
HANSON,251.0,109079.0,40.44,25320.91,93.87,2.39,0.57,0.58,1.2,1.39
WEBER,252.0,107866.0,39.99,25360.89,95.58,1.19,0.46,0.36,1.0,1.41
GARRETT,253.0,107777.0,39.95,25400.84,72.43,23.57,0.31,0.56,1.65,1.48
SIMS,254.0,107244.0,39.76,25440.6,56.84,39.14,0.32,0.51,1.77,1.42
BURTON,255.0,107158.0,39.72,25480.32,69.73,26.03,0.41,0.53,1.71,1.6
FULLER,256.0,106682.0,39.55,25519.87,75.53,20.39,0.46,0.58,1.64,1.41
SOTO,257.0,106631.0,39.53,25559.4,5.94,0.55,0.47,0.34,0.43,92.27
MCCOY,258.0,106481.0,39.47,25598.87,69.0,26.39,0.38,0.81,1.73,1.69
WELCH,259.0,105804.0,39.22,25638.09,85.6,9.83,0.45,1.04,1.45,1.63
CHEN,260.0,105544.0,39.12,25677.21,1.68,0.36,95.45,0.02,2.0,0.49
SCHULTZ,261.0,104962.0,38.91,25716.12,96.24,0.62,0.42,0.37,0.95,1.4
WALTERS,262.0,104281.0,38.66,25754.78,85.31,10.3,0.46,0.86,1.32,1.74
REID,263.0,104007.0,38.56,25793.34,63.24,32.01,0.47,0.57,1.97,1.74
FIELDS,264.0,103242.0,38.27,25831.61,59.74,35.2,0.33,1.24,2.0,1.49
WALSH,265.0,103216.0,38.26,25869.87,95.9,0.96,0.49,0.2,1.04,1.41
LITTLE,266.0,102718.0,38.08,25907.95,72.28,23.39,0.36,1.2,1.52,1.25
FOWLER,267.0,102620.0,38.04,25945.99,83.34,12.32,0.4,0.96,1.53,1.45
BOWMAN,268.0,102239.0,37.9,25983.89,82.9,12.94,0.42,0.84,1.46,1.45
DAVIDSON,269.0,102044.0,37.83,26021.71,86.25,9.58,0.46,0.6,1.51,1.6
MAY,270.0,101726.0,37.71,26059.42,85.54,9.45,0.94,0.66,1.41,2.01
DAY,271.0,101676.0,37.69,26097.11,85.18,10.12,0.7,0.97,1.46,1.57
SCHNEIDER,272.0,100553.0,37.27,26134.39,96.67,0.33,0.43,0.27,0.9,1.41
NEWMAN,273.0,100491.0,37.25,26171.64,84.97,10.57,0.49,0.65,1.64,1.68
BREWER,274.0,100465.0,37.24,26208.88,83.34,12.03,0.33,1.24,1.58,1.47
LUCAS,275.0,100417.0,37.22,26246.11,73.57,18.33,1.35,0.5,1.72,4.53
HOLLAND,276.0,99885.0,37.03,26283.13,78.86,17.23,0.36,0.55,1.54,1.46
WONG,277.0,99392.0,36.84,26319.98,3.33,0.71,88.5,0.05,4.39,3.02
BANKS,278.0,99294.0,36.81,26356.79,41.3,54.24,0.3,0.41,2.28,1.47
SANTOS,279.0,98993.0,36.7,26393.48,21.93,1.82,13.21,0.33,4.38,58.32
CURTIS,280.0,98958.0,36.68,26430.17,79.88,15.42,0.41,1.07,1.56,1.67
PEARSON,281.0,98728.0,36.6,26466.76,74.49,21.59,0.47,0.43,1.6,1.42
DELGADO,282.0,98675.0,36.58,26503.34,6.45,0.69,0.71,0.24,0.66,91.26
VALDEZ,283.0,98610.0,36.55,26539.9,6.84,0.54,3.36,0.71,0.73,87.82
PENA,284.0,98345.0,36.46,26576.35,5.92,0.51,1.05,0.39,0.58,91.55
RIOS,285.0,96569.0,35.8,26612.15,5.33,0.45,0.39,0.4,0.41,93.02
DOUGLAS,286.0,96425.0,35.74,26647.9,61.34,33.49,0.43,0.68,2.02,2.05
SANDOVAL,287.0,96303.0,35.7,26683.6,6.0,0.19,0.55,2.18,0.41,90.66
BARRETT,288.0,95896.0,35.55,26719.14,83.22,12.41,0.57,0.55,1.54,1.72
HOPKINS,289.0,94603.0,35.07,26754.21,75.56,20.28,0.42,0.82,1.55,1.37
KELLER,290.0,94300.0,34.96,26789.17,92.93,3.59,0.42,0.47,1.11,1.49
GUERRERO,291.0,94152.0,34.9,26824.07,5.16,0.32,2.36,0.25,0.6,91.32
STANLEY,292.0,93817.0,34.78,26858.85,81.04,14.15,0.52,1.05,1.57,1.65
BATES,293.0,93743.0,34.75,26893.6,77.09,18.56,0.41,0.73,1.48,1.72
ALVARADO,294.0,93723.0,34.74,26928.34,4.79,0.33,0.6,0.29,0.44,93.57
BECK,295.0,93161.0,34.53,26962.88,91.73,4.47,0.58,0.6,1.23,1.39
ORTEGA,296.0,93131.0,34.52,26997.4,5.69,0.33,1.1,0.62,0.43,91.83
WADE,297.0,92834.0,34.41,27031.81,67.49,28.13,0.36,0.65,1.87,1.49
ESTRADA,298.0,92831.0,34.41,27066.23,5.23,0.49,1.77,0.33,0.53,91.65
CONTRERAS,299.0,92660.0,34.35,27100.57,4.72,0.24,0.62,0.3,0.37,93.75
BARNETT,300.0,92287.0,34.21,27134.78,78.75,16.63,0.36,0.86,1.78,1.63
CALDWELL,301.0,91338.0,33.86,27168.64,70.27,25.58,0.34,0.69,1.55,1.57
SANTIAGO,302.0,90967.0,33.72,27202.36,5.86,1.46,4.43,0.19,0.84,87.22
LAMBERT,303.0,90618.0,33.59,27235.96,85.71,9.34,0.46,1.16,1.39,1.94
POWERS,304.0,90401.0,33.51,27269.47,91.01,5.14,0.51,0.52,1.23,1.58
CHAMBERS,305.0,90325.0,33.48,27302.95,68.8,26.93,0.36,0.56,1.78,1.57
NUNEZ,306.0,90208.0,33.44,27336.39,6.44,0.77,0.8,0.3,0.47,91.21
CRAIG,307.0,89591.0,33.21,27369.6,81.17,14.47,0.5,0.68,1.57,1.61
LEONARD,308.0,89198.0,33.07,27402.67,82.59,13.14,0.45,0.75,1.32,1.75
LOWE,309.0,89178.0,33.06,27435.73,75.29,18.53,1.66,0.94,1.83,1.75
RHODES,310.0,88917.0,32.96,27468.69,77.16,19.04,0.32,0.62,1.45,1.41
BYRD,311.0,88811.0,32.92,27501.61,61.25,34.2,0.26,1.08,1.83,1.39
GREGORY,312.0,88810.0,32.92,27534.53,80.87,14.62,0.43,0.75,1.51,1.82
SHELTON,313.0,88326.0,32.74,27567.27,76.18,19.76,0.36,0.62,1.7,1.37
FRAZIER,314.0,88325.0,32.74,27600.01,59.05,36.14,0.37,1.29,1.85,1.3
BECKER,315.0,88114.0,32.66,27632.68,96.4,0.46,0.45,0.31,1.02,1.38
MALDONADO,316.0,88016.0,32.63,27665.31,5.53,0.51,0.33,0.27,0.42,92.95
FLEMING,317.0,87949.0,32.6,27697.91,74.59,21.51,0.44,0.48,1.55,1.43
VEGA,318.0,87728.0,32.52,27730.43,6.46,0.6,0.65,0.29,0.45,91.54
SUTTON,319.0,87373.0,32.39,27762.82,75.08,20.88,0.37,0.64,1.61,1.41
COHEN,320.0,87226.0,32.33,27795.15,90.63,5.51,0.42,0.11,1.23,2.11
JENNINGS,321.0,87038.0,32.26,27827.42,73.38,22.36,0.54,0.56,1.62,1.53
PARKS,322.0,86346.0,32.01,27859.42,71.48,24.25,0.53,0.57,1.8,1.37
MCDANIEL,323.0,86317.0,32.0,27891.42,78.48,17.53,0.3,0.59,1.59,1.5
WATTS,324.0,86228.0,31.96,27923.39,70.81,24.96,0.35,0.73,1.66,1.48
BARKER,325.0,85221.0,31.59,27954.98,88.54,7.24,0.48,0.63,1.42,1.69
NORRIS,326.0,85212.0,31.59,27986.57,82.01,13.81,0.37,0.93,1.53,1.35
VAUGHN,327.0,85037.0,31.52,28018.09,73.63,22.02,0.33,0.71,1.74,1.57
VAZQUEZ,328.0,84926.0,31.48,28049.57,4.6,0.34,0.19,0.09,0.27,94.52
HOLT,329.0,84710.0,31.4,28080.97,81.19,14.44,0.52,0.78,1.69,1.38
SCHWARTZ,330.0,84699.0,31.4,28112.37,96.77,0.4,0.46,0.16,1.0,1.21
STEELE,331.0,84353.0,31.27,28143.64,80.39,14.94,0.41,1.08,1.47,1.71
BENSON,332.0,84233.0,31.22,28174.86,79.98,15.65,0.61,0.74,1.48,1.55
NEAL,333.0,83849.0,31.08,28205.95,64.69,30.91,0.42,0.69,1.84,1.43
DOMINGUEZ,334.0,83731.0,31.04,28236.99,6.16,0.43,1.15,0.37,0.46,91.43
HORTON,335.0,83523.0,30.96,28267.95,72.15,23.5,0.4,0.69,1.73,1.53
TERRY,336.0,83437.0,30.93,28298.88,68.82,26.63,0.41,0.73,1.73,1.68
WOLFE,337.0,83112.0,30.81,28329.69,92.29,3.37,0.43,1.27,1.21,1.43
HALE,338.0,82955.0,30.75,28360.44,83.99,11.17,0.46,1.19,1.59,1.6
LYONS,339.0,82258.0,30.49,28390.93,76.88,18.55,0.45,0.94,1.67,1.51
GRAVES,340.0,82179.0,30.46,28421.39,71.95,23.56,0.37,0.72,1.74,1.66
HAYNES,341.0,82037.0,30.41,28451.8,63.72,32.01,0.3,0.56,1.71,1.7
MILES,342.0,81933.0,30.37,28482.18,63.61,31.8,0.43,0.81,1.76,1.59
PARK,343.0,81890.0,30.36,28512.53,30.06,0.82,66.3,0.2,1.77,0.85
WARNER,344.0,81824.0,30.33,28542.87,86.32,9.69,0.51,0.61,1.4,1.48
PADILLA,345.0,81805.0,30.32,28573.19,6.94,0.34,2.07,1.0,0.64,88.99
BUSH,346.0,81524.0,30.22,28603.41,74.14,21.49,0.52,0.78,1.53,1.55
THORNTON,347.0,81191.0,30.1,28633.51,69.33,26.53,0.37,0.66,1.8,1.31
MCCARTHY,348.0,81035.0,30.04,28663.55,93.9,2.78,0.54,0.26,1.12,1.41
MANN,349.0,81022.0,30.03,28693.58,83.1,9.68,2.41,1.28,1.73,1.81
ZIMMERMAN,350.0,80944.0,30.01,28723.59,94.81,2.27,0.43,0.27,0.97,1.25
ERICKSON,351.0,80936.0,30.0,28753.59,96.39,0.24,0.5,0.54,1.08,1.26
FLETCHER,352.0,80932.0,30.0,28783.59,75.52,19.92,0.47,0.73,1.69,1.68
MCKINNEY,353.0,80616.0,29.88,28813.48,71.57,24.31,0.29,0.8,1.68,1.35
PAGE,354.0,80493.0,29.84,28843.31,77.16,18.66,0.48,0.54,1.43,1.73
DAWSON,355.0,80190.0,29.73,28873.04,70.48,25.22,0.48,0.51,1.72,1.59
JOSEPH,356.0,80030.0,29.67,28902.71,35.48,48.84,6.91,1.09,5.31,2.37
MARQUEZ,357.0,79951.0,29.64,28932.35,5.69,0.56,2.79,0.48,0.64,89.84
REEVES,358.0,79817.0,29.59,28961.93,79.79,15.66,0.46,0.7,1.64,1.75
KLEIN,359.0,79685.0,29.54,28991.47,96.53,0.3,0.4,0.23,1.05,1.49
ESPINOZA,360.0,79322.0,29.4,29020.88,4.38,0.25,0.37,0.41,0.31,94.29
BALDWIN,361.0,79151.0,29.34,29050.22,79.12,16.51,0.41,0.9,1.44,1.62
MORAN,362.0,78546.0,29.12,29079.33,71.43,2.44,0.55,0.82,1.04,23.71
LOVE,363.0,78323.0,29.03,29108.37,59.3,36.26,0.45,0.56,1.86,1.58
ROBBINS,364.0,78141.0,28.97,29137.34,89.09,7.03,0.41,0.8,1.36,1.3
HIGGINS,365.0,78107.0,28.95,29166.29,85.92,10.27,0.41,0.51,1.37,1.52
BALL,366.0,77561.0,28.75,29195.04,84.53,11.7,0.43,0.5,1.17,1.66
CORTEZ,367.0,77492.0,28.73,29223.77,7.03,0.72,2.79,0.33,0.58,88.54
LE,368.0,77453.0,28.71,29252.48,1.83,0.29,95.15,0.03,2.13,0.56
GRIFFITH,369.0,77429.0,28.7,29281.18,85.82,9.8,0.37,0.66,1.62,1.74
BOWEN,370.0,77078.0,28.57,29309.75,84.52,11.06,0.41,0.69,1.59,1.73
SHARP,371.0,76868.0,28.49,29338.25,85.12,10.5,0.45,0.95,1.4,1.58
CUMMINGS,372.0,76707.0,28.44,29366.68,75.47,18.38,0.68,2.15,1.84,1.49
RAMSEY,373.0,76625.0,28.4,29395.09,79.54,16.13,0.34,0.67,1.64,1.68
HARDY,374.0,76608.0,28.4,29423.49,63.67,31.73,0.39,1.1,1.65,1.45
SWANSON,375.0,76539.0,28.37,29451.86,92.01,4.59,0.55,0.4,1.09,1.36
BARBER,376.0,76504.0,28.36,29480.22,77.88,17.4,0.55,0.99,1.6,1.57
ACOSTA,377.0,76477.0,28.35,29508.57,8.04,0.69,2.36,0.29,0.63,87.99
LUNA,378.0,76127.0,28.22,29536.79,9.78,0.37,2.0,0.58,0.7,86.58
CHANDLER,379.0,76114.0,28.22,29565.0,76.77,19.11,0.5,0.55,1.59,1.48
BLAIR,380.0,75135.0,27.85,29592.86,82.13,13.52,0.47,0.61,1.68,1.59
DANIEL,380.0,75135.0,27.85,29620.71,67.02,24.05,2.12,0.58,1.95,4.27
CROSS,382.0,75134.0,27.85,29648.56,77.68,17.63,0.41,0.9,1.73,1.66
SIMON,383.0,74839.0,27.74,29676.3,69.94,20.95,1.98,0.65,1.83,4.66
DENNIS,384.0,74784.0,27.72,29704.03,68.5,26.49,0.44,0.72,1.83,2.03
OCONNOR,385.0,74756.0,27.71,29731.74,94.75,1.74,0.58,0.25,1.1,1.58
QUINN,386.0,74531.0,27.63,29759.37,88.13,7.91,0.52,0.45,1.26,1.73
GROSS,387.0,74285.0,27.54,29786.9,86.61,9.85,0.41,0.31,1.15,1.67
NAVARRO,388.0,73970.0,27.42,29814.32,7.9,0.45,4.1,0.27,0.71,86.57
MOSS,389.0,73750.0,27.34,29841.66,71.87,24.11,0.37,0.71,1.48,1.46
FITZGERALD,390.0,73522.0,27.25,29868.92,88.03,8.44,0.49,0.32,1.28,1.43
DOYLE,391.0,73518.0,27.25,29896.17,90.74,5.37,0.46,0.53,1.31,1.6
MCLAUGHLIN,392.0,73128.0,27.11,29923.28,89.65,6.73,0.42,0.47,1.17,1.55
ROJAS,393.0,73071.0,27.09,29950.37,4.77,0.43,0.85,0.21,0.44,93.31
RODGERS,394.0,73021.0,27.07,29977.43,72.92,22.64,0.42,0.63,1.62,1.76
STEVENSON,395.0,72892.0,27.02,30004.45,65.79,29.69,0.45,0.51,1.79,1.76
SINGH,396.0,72642.0,26.93,30031.38,3.51,3.09,74.44,1.01,15.3,2.65
YANG,397.0,72627.0,26.92,30058.31,0.95,0.13,95.03,0.04,3.49,0.35
FIGUEROA,398.0,72533.0,26.89,30085.19,5.46,0.93,0.99,0.24,0.52,91.86
HARMON,399.0,72414.0,26.84,30112.04,80.01,15.95,0.39,0.77,1.51,1.38
NEWTON,400.0,72328.0,26.81,30138.85,77.9,17.74,0.44,0.72,1.56,1.64
PAUL,401.0,72248.0,26.78,30165.63,73.8,16.16,3.63,1.94,2.6,1.87
MANNING,402.0,72069.0,26.72,30192.35,76.64,19.14,0.42,0.83,1.41,1.55
GARNER,403.0,72052.0,26.71,30219.06,74.14,21.99,0.37,0.59,1.51,1.4
MCGEE,404.0,71925.0,26.66,30245.72,64.94,30.69,0.35,0.62,1.81,1.6
REESE,405.0,71754.0,26.6,30272.32,68.17,27.73,0.35,0.59,1.49,1.66
FRANCIS,406.0,71723.0,26.59,30298.9,63.89,27.57,1.3,2.08,2.44,2.72
BURGESS,407.0,71604.0,26.54,30325.45,77.77,17.43,0.56,1.02,1.75,1.48
ADKINS,408.0,71528.0,26.52,30351.96,88.92,7.52,0.28,0.87,1.26,1.15
GOODMAN,409.0,71482.0,26.5,30378.46,80.66,15.12,0.43,0.97,1.25,1.58
CURRY,410.0,71344.0,26.45,30404.91,61.73,34.25,0.42,0.42,1.68,1.51
BRADY,411.0,71175.0,26.38,30431.29,89.02,6.56,0.46,0.86,1.24,1.86
CHRISTENSEN,412.0,71144.0,26.37,30457.67,95.86,0.27,0.51,0.62,1.13,1.61
POTTER,413.0,71103.0,26.36,30484.02,90.33,5.19,0.47,0.78,1.52,1.7
WALTON,414.0,70997.0,26.32,30510.34,62.56,33.54,0.32,0.47,1.67,1.44
GOODWIN,415.0,70333.0,26.07,30536.41,78.97,16.82,0.41,0.82,1.55,1.42
MULLINS,416.0,70286.0,26.05,30562.47,89.92,6.75,0.3,0.6,1.25,1.17
MOLINA,417.0,70211.0,26.03,30588.5,6.6,0.46,2.34,0.85,0.62,89.13
WEBSTER,418.0,70123.0,25.99,30614.49,76.16,18.51,0.48,1.34,1.88,1.64
FISCHER,419.0,70095.0,25.98,30640.47,95.71,0.86,0.45,0.35,1.08,1.55
CAMPOS,420.0,69950.0,25.93,30666.4,7.55,0.3,1.5,0.25,0.85,89.55
AVILA,421.0,69843.0,25.89,30692.3,8.33,0.4,0.94,0.26,0.64,89.43
SHERMAN,422.0,69840.0,25.89,30718.18,84.91,10.9,0.46,0.91,1.35,1.48
TODD,423.0,69810.0,25.88,30744.06,82.81,12.95,0.47,0.61,1.59,1.58
CHANG,424.0,69756.0,25.86,30769.92,2.28,0.94,90.13,0.02,3.69,2.94
BLAKE,425.0,69279.0,25.68,30795.6,74.04,21.11,0.42,0.78,1.78,1.86
MALONE,426.0,69257.0,25.67,30821.28,69.8,26.01,0.43,0.64,1.58,1.54
WOLF,427.0,68905.0,25.54,30846.82,94.96,1.04,0.48,0.97,1.15,1.4
HODGES,428.0,68868.0,25.53,30872.35,75.92,19.89,0.42,0.46,1.56,1.75
JUAREZ,429.0,68785.0,25.5,30897.85,4.08,0.22,0.43,0.23,0.32,94.72
GILL,430.0,68699.0,25.47,30923.31,70.9,14.15,8.35,0.53,2.28,3.79
FARMER,431.0,68309.0,25.32,30948.64,79.01,16.88,0.34,0.99,1.42,1.35
HINES,432.0,68145.0,25.26,30973.9,60.48,35.62,0.38,0.46,1.56,1.49
GALLAGHER,433.0,68075.0,25.24,30999.13,96.08,0.58,0.46,0.25,1.02,1.61
DURAN,434.0,68046.0,25.22,31024.36,11.58,0.56,1.09,0.93,0.68,85.17
HUBBARD,435.0,68021.0,25.22,31049.57,73.47,22.2,0.34,0.93,1.67,1.39
CANNON,436.0,67923.0,25.18,31074.75,72.24,23.73,0.38,0.54,1.6,1.5
MIRANDA,437.0,67646.0,25.08,31099.83,14.34,0.97,4.08,0.57,1.83,78.2
WANG,438.0,67570.0,25.05,31124.87,3.25,0.19,94.47,0.03,1.73,0.33
SAUNDERS,439.0,67210.0,24.91,31149.79,69.67,25.59,0.44,0.75,1.9,1.65
TATE,440.0,67208.0,24.91,31174.7,58.16,37.54,0.47,0.73,1.72,1.38
MACK,441.0,67154.0,24.89,31199.6,47.35,48.38,0.6,0.56,1.74,1.37
HAMMOND,442.0,67063.0,24.86,31224.46,80.78,15.11,0.43,0.82,1.52,1.34
CARRILLO,443.0,67054.0,24.86,31249.31,6.04,0.27,0.73,0.47,0.39,92.1
TOWNSEND,444.0,66853.0,24.78,31274.1,70.59,25.03,0.43,0.75,1.62,1.59
WISE,445.0,66738.0,24.74,31298.83,80.67,14.97,0.5,0.65,1.54,1.68
INGRAM,446.0,66665.0,24.71,31323.55,63.69,32.14,0.31,0.54,1.76,1.56
BARTON,447.0,66622.0,24.7,31348.24,87.13,7.55,0.43,1.43,1.38,2.08
MEJIA,448.0,66534.0,24.66,31372.91,3.99,0.49,1.44,0.28,0.55,93.25
AYALA,449.0,66515.0,24.66,31397.56,4.77,0.57,0.48,0.23,0.45,93.51
SCHROEDER,450.0,66412.0,24.62,31422.18,96.74,0.23,0.48,0.39,0.86,1.3
HAMPTON,451.0,66378.0,24.61,31446.79,56.28,39.52,0.34,0.65,1.88,1.33
ROWE,452.0,66205.0,24.54,31471.33,82.19,13.53,0.51,0.56,1.56,1.65
PARSONS,453.0,66203.0,24.54,31495.87,92.71,3.39,0.41,0.57,1.41,1.51
FRANK,454.0,65918.0,24.44,31520.31,86.69,7.38,0.7,2.1,1.34,1.78
WATERS,455.0,65817.0,24.4,31544.71,75.27,20.52,0.37,0.79,1.54,1.51
STRICKLAND,456.0,65814.0,24.4,31569.1,78.49,16.14,0.36,2.16,1.53,1.32
OSBORNE,457.0,65802.0,24.39,31593.5,83.98,11.98,0.38,0.63,1.59,1.44
MAXWELL,458.0,65779.0,24.38,31617.88,75.79,19.66,0.43,0.59,1.7,1.82
CHAN,459.0,65719.0,24.36,31642.24,2.72,0.54,91.01,0.04,2.82,2.87
DELEON,460.0,65598.0,24.32,31666.56,7.55,1.06,8.29,0.23,0.93,81.94
NORMAN,461.0,65269.0,24.2,31690.75,71.58,24.13,0.42,0.61,1.71,1.54
HARRINGTON,462.0,65131.0,24.14,31714.9,83.92,11.97,0.53,0.59,1.49,1.51
CASEY,463.0,64815.0,24.03,31738.92,88.51,7.25,0.49,0.66,1.6,1.5
PATTON,464.0,64772.0,24.01,31762.94,75.56,20.18,0.39,0.78,1.62,1.48
LOGAN,465.0,64576.0,23.94,31786.87,67.08,27.1,0.56,1.06,2.05,2.15
BOWERS,466.0,64496.0,23.91,31810.78,85.34,10.94,0.38,0.5,1.34,1.5
MUELLER,467.0,64305.0,23.84,31834.62,96.96,0.23,0.48,0.18,0.91,1.24
GLOVER,468.0,64180.0,23.79,31858.41,54.91,40.96,0.36,0.4,1.9,1.47
FLOYD,469.0,64141.0,23.78,31882.19,67.94,28.3,0.31,0.57,1.59,1.28
HARTMAN,470.0,63827.0,23.66,31905.85,95.42,1.5,0.44,0.38,1.05,1.2
BUCHANAN,471.0,63825.0,23.66,31929.51,79.92,15.91,0.48,0.56,1.57,1.57
COBB,472.0,63739.0,23.63,31953.14,72.07,24.24,0.35,0.65,1.48,1.2
FRENCH,473.0,63149.0,23.41,31976.55,87.74,7.65,0.49,1.04,1.56,1.52
KRAMER,474.0,63023.0,23.36,31999.91,96.47,0.28,0.46,0.25,1.08,1.46
MCCORMICK,475.0,62663.0,23.23,32023.14,89.1,7.24,0.41,0.43,1.3,1.52
CLARKE,476.0,62546.0,23.19,32046.32,66.14,28.18,0.52,0.4,2.29,2.46
TYLER,477.0,62534.0,23.18,32069.5,64.08,30.74,0.43,1.37,1.8,1.58
GIBBS,478.0,62514.0,23.17,32092.68,67.84,27.75,0.39,0.7,1.75,1.57
MOODY,479.0,62344.0,23.11,32115.79,72.99,22.54,0.37,0.8,1.57,1.73
CONNER,480.0,62335.0,23.11,32138.9,80.81,15.41,0.38,0.51,1.44,1.44
SPARKS,481.0,62234.0,23.07,32161.97,85.92,10.0,0.4,0.73,1.56,1.39
MCGUIRE,482.0,62116.0,23.03,32184.99,89.56,6.19,0.53,0.51,1.51,1.7
LEON,483.0,62034.0,23.0,32207.99,13.02,3.02,1.16,0.45,0.71,81.65
BAUER,484.0,61979.0,22.98,32230.96,96.34,0.34,0.45,0.33,0.98,1.56
NORTON,485.0,61805.0,22.91,32253.87,89.66,6.08,0.43,1.09,1.34,1.41
POPE,486.0,61750.0,22.89,32276.76,72.86,23.12,0.36,0.59,1.61,1.45
FLYNN,487.0,61747.0,22.89,32299.65,93.64,2.8,0.48,0.56,1.07,1.46
HOGAN,488.0,61651.0,22.85,32322.51,82.38,13.86,0.41,0.47,1.27,1.61
ROBLES,489.0,61619.0,22.84,32345.35,5.88,0.51,2.05,0.44,0.53,90.58
SALINAS,490.0,61582.0,22.83,32368.18,5.68,0.2,0.98,0.25,0.39,92.5
YATES,491.0,61400.0,22.76,32390.94,82.61,13.29,0.44,0.63,1.46,1.57
LINDSEY,492.0,61199.0,22.69,32413.62,70.65,24.56,0.74,0.6,1.96,1.49
LLOYD,493.0,61154.0,22.67,32436.29,74.91,21.15,0.47,0.41,1.56,1.49
MARSH,494.0,60999.0,22.61,32458.91,85.01,11.32,0.42,0.5,1.41,1.34
MCBRIDE,495.0,60874.0,22.57,32481.47,76.51,19.02,0.38,0.81,1.54,1.73
OWEN,496.0,60461.0,22.41,32503.89,93.36,2.37,0.55,0.87,1.28,1.58
SOLIS,497.0,60045.0,22.26,32526.14,5.86,0.45,1.57,0.2,0.42,91.5
PHAM,498.0,59949.0,22.22,32548.37,1.31,0.18,95.86,0.06,1.98,0.63
LANG,499.0,59843.0,22.18,32570.55,84.16,9.9,2.34,0.56,1.41,1.63
PRATT,500.0,59801.0,22.17,32592.72,80.27,14.77,0.53,1.03,1.63,1.77
LARA,501.0,59731.0,22.14,32614.86,6.28,0.42,1.07,0.36,0.56,91.3
BROCK,502.0,59682.0,22.12,32636.98,85.02,11.18,0.33,0.68,1.43,1.36
BALLARD,503.0,59660.0,22.12,32659.1,77.29,18.46,0.29,0.87,1.58,1.51
TRUJILLO,504.0,59609.0,22.1,32681.2,9.07,0.2,0.22,1.86,0.59,88.07
SHAFFER,505.0,59227.0,21.96,32703.15,94.61,2.2,0.4,0.36,1.17,1.27
DRAKE,506.0,59055.0,21.89,32725.04,81.84,14.21,0.41,0.64,1.49,1.41
ROMAN,507.0,59020.0,21.88,32746.92,25.56,1.98,0.94,0.17,0.72,70.64
AGUIRRE,508.0,58918.0,21.84,32768.76,6.28,0.28,1.19,0.26,0.46,91.52
MORTON,509.0,58788.0,21.79,32790.56,75.94,19.46,0.51,0.77,1.76,1.57
STOKES,510.0,58687.0,21.76,32812.31,60.78,35.09,0.33,0.44,1.71,1.64
LAMB,511.0,58555.0,21.71,32834.02,87.41,8.45,0.58,0.57,1.37,1.63
PACHECO,512.0,58534.0,21.7,32855.72,18.19,0.5,1.18,0.9,1.52,77.71
PATRICK,513.0,58257.0,21.6,32877.31,76.02,19.4,0.51,1.01,1.61,1.45
COCHRAN,514.0,58233.0,21.59,32898.9,87.03,8.61,0.36,1.23,1.35,1.42
SHEPHERD,515.0,57935.0,21.48,32920.37,80.98,14.74,0.38,1.01,1.55,1.34
CAIN,516.0,57873.0,21.45,32941.83,80.07,15.95,0.49,0.66,1.48,1.36
BURNETT,517.0,57859.0,21.45,32963.28,72.77,22.7,0.39,0.79,1.88,1.48
HESS,518.0,57822.0,21.43,32984.71,95.94,0.86,0.48,0.42,1.03,1.27
LI,519.0,57786.0,21.42,33006.13,1.28,0.12,96.44,0.01,1.4,0.75
CERVANTES,520.0,57685.0,21.38,33027.51,3.96,0.12,0.85,0.26,0.32,94.49
OLSEN,521.0,57357.0,21.26,33048.78,95.28,0.28,0.64,0.73,1.36,1.7
BRIGGS,522.0,57297.0,21.24,33070.02,77.89,17.99,0.43,0.61,1.64,1.44
OCHOA,523.0,57210.0,21.21,33091.22,5.18,0.33,0.63,0.41,0.28,93.17
CABRERA,524.0,57171.0,21.19,33112.42,5.48,0.45,3.56,0.16,0.64,89.71
VELASQUEZ,525.0,57163.0,21.19,33133.61,5.34,0.57,1.74,0.59,0.51,91.26
MONTOYA,526.0,57075.0,21.16,33154.76,8.74,0.24,0.83,1.66,0.74,87.78
ROTH,527.0,57030.0,21.14,33175.91,96.27,0.46,0.72,0.24,0.99,1.33
MEYERS,528.0,56744.0,21.03,33196.94,91.17,4.49,0.67,0.65,1.39,1.64
CARDENAS,529.0,56618.0,20.99,33217.93,5.14,0.29,1.04,0.16,0.41,92.96
FUENTES,530.0,56441.0,20.92,33238.85,5.76,0.49,1.47,0.27,0.49,91.52
WEISS,531.0,56153.0,20.82,33259.67,96.45,0.36,0.47,0.19,1.08,1.46
HOOVER,532.0,56068.0,20.78,33280.45,93.27,3.25,0.4,0.63,1.22,1.24
WILKINS,532.0,56068.0,20.78,33301.24,65.2,30.04,0.34,0.88,1.81,1.72
NICHOLSON,534.0,55986.0,20.75,33321.99,77.0,18.74,0.41,0.6,1.63,1.62
UNDERWOOD,535.0,55973.0,20.75,33342.74,81.0,14.49,0.37,1.07,1.62,1.44
SHORT,536.0,55903.0,20.72,33363.46,85.71,9.93,0.5,0.91,1.51,1.44
CARSON,537.0,55821.0,20.69,33384.15,74.27,21.14,0.53,0.66,1.75,1.65
MORROW,538.0,55664.0,20.63,33404.79,81.58,14.32,0.44,0.68,1.56,1.42
COLON,539.0,55512.0,20.58,33425.37,7.9,2.07,0.28,0.14,0.57,89.03
HOLLOWAY,540.0,55466.0,20.56,33445.93,60.73,35.27,0.31,0.54,1.84,1.3
SUMMERS,541.0,55391.0,20.53,33466.46,80.58,14.48,0.5,1.13,1.68,1.63
BRYAN,542.0,55269.0,20.49,33486.95,84.48,10.23,0.5,0.68,1.72,2.4
PETERSEN,543.0,55185.0,20.46,33507.41,95.15,1.14,0.62,0.39,1.1,1.6
MCKENZIE,544.0,55084.0,20.42,33527.83,68.68,26.14,0.55,0.73,1.95,1.94
SERRANO,545.0,55057.0,20.41,33548.24,6.33,0.75,2.84,0.2,0.59,89.29
WILCOX,546.0,54987.0,20.38,33568.62,85.79,9.94,0.48,0.79,1.43,1.56
CAREY,547.0,54924.0,20.36,33588.98,83.21,12.75,0.43,0.64,1.53,1.43
CLAYTON,548.0,54875.0,20.34,33609.32,71.44,24.56,0.38,0.5,1.78,1.35
POOLE,549.0,54706.0,20.28,33629.6,74.92,21.82,0.37,0.36,1.45,1.08
CALDERON,550.0,54691.0,20.27,33649.87,5.92,0.67,1.67,0.19,0.45,91.1
GALLEGOS,551.0,54672.0,20.27,33670.14,8.34,0.15,0.46,0.61,0.53,89.9
GREER,552.0,54611.0,20.24,33690.38,75.62,20.62,0.35,0.44,1.49,1.47
RIVAS,553.0,54588.0,20.24,33710.62,5.82,0.61,0.4,0.33,0.4,92.43
GUERRA,554.0,54575.0,20.23,33730.85,12.73,0.74,0.51,0.56,0.59,84.87
DECKER,555.0,54450.0,20.18,33751.04,95.37,0.82,0.41,0.6,1.15,1.65
COLLIER,556.0,54414.0,20.17,33771.21,69.6,26.48,0.37,0.52,1.79,1.24
WALL,557.0,54401.0,20.17,33791.37,87.8,8.0,0.48,0.77,1.35,1.59
WHITAKER,558.0,54343.0,20.14,33811.52,73.4,23.2,0.34,0.42,1.4,1.25
BASS,559.0,54296.0,20.13,33831.65,71.82,23.74,0.39,0.63,1.76,1.66
FLOWERS,560.0,54277.0,20.12,33851.77,55.93,39.22,0.32,0.53,2.05,1.94
DAVENPORT,561.0,54206.0,20.09,33871.86,73.94,21.72,0.41,0.74,1.72,1.49
CONLEY,562.0,54194.0,20.09,33891.95,81.47,15.09,0.35,0.5,1.36,1.22
HOUSTON,563.0,54026.0,20.03,33911.98,54.63,40.92,0.42,0.56,1.97,1.5
HUFF,564.0,53892.0,19.98,33931.95,82.89,13.11,0.4,0.69,1.48,1.43
COPELAND,565.0,53771.0,19.93,33951.89,68.57,27.32,0.34,0.63,1.69,1.45
HOOD,566.0,53737.0,19.92,33971.81,76.59,19.08,0.4,1.01,1.59,1.33
MONROE,567.0,53475.0,19.82,33991.63,65.22,28.87,0.42,1.44,1.77,2.29
MASSEY,568.0,53459.0,19.82,34011.45,75.41,19.77,0.8,0.94,1.61,1.46
ROBERSON,569.0,53198.0,19.72,34031.17,53.85,42.11,0.28,0.59,1.88,1.29
COMBS,570.0,53180.0,19.71,34050.88,87.37,9.01,0.36,0.54,1.42,1.29
FRANCO,571.0,53161.0,19.71,34070.59,19.29,0.55,1.76,0.36,0.88,77.16
LARSEN,572.0,52963.0,19.63,34090.22,95.64,0.43,0.55,0.62,1.23,1.53
PITTMAN,573.0,52689.0,19.53,34109.75,66.35,30.0,0.28,0.61,1.54,1.21
RANDALL,574.0,52495.0,19.46,34129.21,76.37,18.86,0.46,1.09,1.64,1.58
SKINNER,575.0,52490.0,19.46,34148.67,81.4,14.45,0.4,0.63,1.44,1.68
WILKINSON,576.0,52483.0,19.46,34168.13,89.87,6.25,0.53,0.58,1.31,1.47
KIRBY,577.0,52473.0,19.45,34187.58,87.47,8.78,0.4,0.66,1.4,1.29
CAMERON,578.0,52439.0,19.44,34207.02,77.87,17.02,0.56,0.67,1.68,2.2
BRIDGES,579.0,52260.0,19.37,34226.39,70.46,25.54,0.37,0.52,1.67,1.45
ANTHONY,580.0,52146.0,19.33,34245.72,63.43,30.43,1.1,0.62,1.84,2.59
RICHARD,581.0,52138.0,19.33,34265.05,73.19,22.09,0.61,0.52,1.64,1.94
KIRK,582.0,52056.0,19.3,34284.34,84.75,10.42,0.41,1.3,1.69,1.44
BRUCE,583.0,52004.0,19.28,34303.62,79.85,14.99,0.53,1.02,1.73,1.87
SINGLETON,584.0,51797.0,19.2,34322.82,48.33,48.12,0.27,0.33,1.7,1.25
MATHIS,585.0,51796.0,19.2,34342.02,64.71,31.54,0.21,0.6,1.53,1.42
BRADFORD,586.0,51726.0,19.17,34361.2,67.27,28.47,0.35,0.6,1.72,1.6
BOONE,587.0,51679.0,19.16,34380.35,64.33,30.61,0.43,1.37,1.67,1.59
ABBOTT,588.0,51620.0,19.14,34399.49,91.0,4.56,0.49,0.69,1.46,1.8
CHARLES,589.0,51518.0,19.1,34418.59,38.87,47.28,0.8,2.05,3.71,7.28
ALLISON,590.0,51504.0,19.09,34437.68,83.01,12.22,0.45,1.23,1.57,1.52
SWEENEY,591.0,51500.0,19.09,34456.77,92.12,4.37,0.44,0.44,1.06,1.57
ATKINSON,592.0,51489.0,19.09,34475.86,81.73,13.0,0.41,0.54,1.35,2.97
HORN,593.0,51380.0,19.05,34494.9,86.75,8.31,0.84,1.16,1.46,1.48
JEFFERSON,594.0,51361.0,19.04,34513.94,18.72,75.24,0.25,1.85,2.38,1.57
ROSALES,595.0,51336.0,19.03,34532.97,4.19,0.35,2.55,0.24,0.44,92.23
YORK,596.0,51334.0,19.03,34552.0,87.72,7.69,0.6,0.93,1.45,1.61
CHRISTIAN,597.0,51177.0,18.97,34570.97,69.69,23.45,1.77,0.58,1.85,2.66
PHELPS,598.0,51154.0,18.96,34589.94,86.82,9.28,0.43,0.58,1.43,1.45
FARRELL,599.0,51095.0,18.94,34608.88,91.91,4.33,0.5,0.48,1.16,1.63
CASTANEDA,600.0,51089.0,18.94,34627.82,4.45,0.19,1.99,0.28,0.48,92.61
NASH,601.0,51021.0,18.91,34646.73,72.24,23.53,0.48,0.72,1.67,1.35
DICKERSON,602.0,51017.0,18.91,34665.64,65.09,30.91,0.33,0.43,1.87,1.38
BOND,603.0,50980.0,18.9,34684.54,78.18,17.05,0.57,0.83,1.75,1.62
WYATT,604.0,50874.0,18.86,34703.4,77.88,17.93,0.34,0.55,1.5,1.8
FOLEY,605.0,50852.0,18.85,34722.25,93.6,3.27,0.54,0.26,1.02,1.32
CHASE,606.0,50777.0,18.82,34741.07,83.65,10.98,0.52,1.6,1.55,1.7
GATES,607.0,50748.0,18.81,34759.88,77.13,18.66,0.48,0.71,1.49,1.52
VINCENT,608.0,50628.0,18.77,34778.65,82.26,12.05,0.94,0.6,1.83,2.33
MATHEWS,609.0,50608.0,18.76,34797.41,76.9,15.77,2.81,0.62,1.8,2.1
HODGE,610.0,50577.0,18.75,34816.16,71.1,24.27,0.38,0.62,1.73,1.89
GARRISON,611.0,50482.0,18.71,34834.87,85.31,10.45,0.4,0.72,1.5,1.62
TREVINO,612.0,50454.0,18.7,34853.58,7.41,0.22,0.17,0.49,0.38,91.33
VILLARREAL,613.0,50351.0,18.66,34872.24,6.57,0.16,0.18,0.22,0.34,92.53
HEATH,614.0,50307.0,18.65,34890.89,82.73,13.48,0.4,0.62,1.29,1.49
DALTON,615.0,50166.0,18.6,34909.49,88.39,7.51,0.4,0.69,1.35,1.66
VALENCIA,616.0,50026.0,18.54,34928.03,5.89,0.54,3.58,1.39,0.58,88.02
CALLAHAN,617.0,49925.0,18.51,34946.54,91.29,5.1,0.42,0.52,1.21,1.45
HENSLEY,618.0,49858.0,18.48,34965.02,94.24,1.61,0.34,0.93,1.39,1.49
ATKINS,619.0,49754.0,18.44,34983.46,70.28,25.51,0.39,0.56,1.82,1.44
HUFFMAN,620.0,49737.0,18.44,35001.9,92.88,3.92,0.33,0.54,1.13,1.2
ROY,621.0,49725.0,18.43,35020.33,79.9,9.25,5.58,1.62,1.8,1.85
BOYER,622.0,49601.0,18.39,35038.72,90.58,4.93,0.52,0.61,1.4,1.95
SHIELDS,623.0,49556.0,18.37,35057.09,78.28,17.26,0.42,1.03,1.53,1.47
LIN,624.0,49360.0,18.3,35075.39,2.29,0.13,95.13,0.03,2.02,0.4
HANCOCK,625.0,49330.0,18.29,35093.68,88.67,7.61,0.36,0.56,1.4,1.41
GRIMES,626.0,49245.0,18.25,35111.93,77.42,18.51,0.3,0.56,1.6,1.61
GLENN,627.0,49241.0,18.25,35130.18,63.64,32.18,0.36,0.6,1.62,1.61
CLINE,628.0,49167.0,18.23,35148.41,94.18,2.1,0.35,0.81,1.16,1.4
DELACRUZ,629.0,49158.0,18.22,35166.63,4.54,0.47,18.24,0.26,1.63,74.85
CAMACHO,630.0,49000.0,18.16,35184.8,7.13,0.57,2.77,0.22,0.88,88.43
DILLON,631.0,48833.0,18.1,35202.9,86.04,9.08,0.79,1.0,1.36,1.73
PARRISH,632.0,48823.0,18.1,35221.0,81.95,13.54,0.38,1.16,1.52,1.46
ONEILL,633.0,48656.0,18.04,35239.03,94.28,1.01,0.54,0.22,1.2,2.75
MELTON,634.0,48594.0,18.01,35257.05,82.29,13.59,0.41,0.94,1.42,1.36
BOOTH,635.0,48580.0,18.01,35275.06,85.15,10.32,0.52,1.02,1.46,1.53
KANE,636.0,48527.0,17.99,35293.05,91.64,3.38,1.5,0.54,1.32,1.62
BERG,637.0,48480.0,17.97,35311.02,95.91,0.39,0.54,0.4,1.12,1.63
HARRELL,638.0,48471.0,17.97,35328.99,68.77,27.8,0.3,0.44,1.45,1.24
PITTS,639.0,48462.0,17.96,35346.95,65.91,30.26,0.31,0.52,1.61,1.4
SAVAGE,640.0,48367.0,17.93,35364.88,77.24,18.59,0.42,0.67,1.61,1.46
WIGGINS,641.0,48355.0,17.93,35382.8,57.23,38.71,0.29,0.59,1.63,1.56
BRENNAN,642.0,48296.0,17.9,35400.71,95.97,0.69,0.59,0.3,0.95,1.5
SALAS,643.0,48282.0,17.9,35418.61,6.83,0.32,2.05,0.48,0.66,89.67
MARKS,644.0,48281.0,17.9,35436.5,81.35,13.47,0.58,0.9,1.82,1.89
RUSSO,645.0,48126.0,17.84,35454.34,95.14,0.35,0.37,0.17,1.17,2.79
SAWYER,646.0,47979.0,17.79,35472.13,82.52,13.29,0.52,0.59,1.59,1.49
BAXTER,647.0,47857.0,17.74,35489.87,82.59,13.24,0.48,0.68,1.46,1.54
GOLDEN,648.0,47839.0,17.73,35507.6,76.78,19.22,0.35,0.65,1.47,1.53
HUTCHINSON,649.0,47809.0,17.72,35525.33,78.4,17.0,0.5,0.6,1.77,1.72
LIU,650.0,47665.0,17.67,35543.0,1.83,0.15,95.46,0.04,2.06,0.46
WALTER,651.0,47615.0,17.65,35560.65,90.17,5.96,0.61,0.42,1.22,1.62
MCDOWELL,652.0,47526.0,17.62,35578.26,72.22,23.85,0.38,0.54,1.55,1.46
WILEY,653.0,47503.0,17.61,35595.87,67.53,28.42,0.38,0.59,1.68,1.4
RICH,654.0,47477.0,17.6,35613.47,86.98,8.91,0.55,0.58,1.36,1.62
HUMPHREY,655.0,47470.0,17.6,35631.07,74.03,21.94,0.33,0.64,1.56,1.5
JOHNS,656.0,47289.0,17.53,35648.6,81.25,12.7,0.67,1.98,1.84,1.56
KOCH,657.0,47286.0,17.53,35666.13,96.89,0.19,0.54,0.23,0.88,1.26
SUAREZ,658.0,47235.0,17.51,35683.64,9.32,0.67,2.11,0.2,0.45,87.25
HOBBS,659.0,47220.0,17.5,35701.14,80.8,15.36,0.33,0.66,1.43,1.42
BEARD,660.0,47128.0,17.47,35718.61,77.09,18.93,0.33,0.65,1.55,1.45
GILMORE,661.0,47050.0,17.44,35736.05,68.2,27.09,0.36,0.86,1.75,1.75
IBARRA,662.0,46895.0,17.38,35753.44,3.24,0.14,1.42,0.19,0.33,94.67
KEITH,663.0,46747.0,17.33,35770.77,81.17,14.1,0.52,1.04,1.56,1.61
MACIAS,664.0,46739.0,17.33,35788.09,5.26,0.18,0.29,0.26,0.37,93.64
KHAN,665.0,46713.0,17.32,35805.41,7.92,3.26,70.5,0.47,15.63,2.22
ANDRADE,666.0,46702.0,17.31,35822.72,16.92,1.67,1.72,0.25,5.02,74.41
WARE,667.0,46682.0,17.3,35840.03,51.5,43.85,0.36,0.78,1.95,1.56
STEPHENSON,668.0,46662.0,17.3,35857.32,83.02,12.49,0.46,0.6,1.67,1.77
HENSON,669.0,46609.0,17.28,35874.6,84.46,10.34,0.77,1.17,1.78,1.48
WILKERSON,670.0,46605.0,17.28,35891.88,66.92,28.77,0.37,0.61,1.82,1.51
DYER,671.0,46574.0,17.26,35909.14,85.82,10.08,0.44,0.6,1.47,1.6
MCCLURE,672.0,46505.0,17.24,35926.38,86.71,9.19,0.4,0.7,1.54,1.46
BLACKWELL,673.0,46495.0,17.24,35943.62,67.71,28.04,0.29,0.68,2.0,1.28
MERCADO,674.0,46437.0,17.21,35960.83,5.68,0.56,6.43,0.19,0.85,86.29
TANNER,675.0,46412.0,17.2,35978.04,84.06,11.26,0.45,1.01,1.61,1.61
EATON,676.0,46403.0,17.2,35995.24,86.74,9.49,0.44,0.61,1.24,1.48
CLAY,677.0,46264.0,17.15,36012.39,55.4,39.83,0.32,0.95,2.07,1.42
BARRON,678.0,46196.0,17.12,36029.51,53.82,9.41,0.58,0.47,1.06,34.66
BEASLEY,679.0,46179.0,17.12,36046.63,69.02,27.01,0.34,0.7,1.63,1.3
ONEAL,680.0,46161.0,17.11,36063.74,66.96,28.52,0.33,0.77,1.75,1.66
PRESTON,681.0,45850.0,17.0,36080.74,75.24,19.95,0.45,0.99,1.62,1.75
SMALL,681.0,45850.0,17.0,36097.74,64.63,30.53,0.41,1.14,1.71,1.58
WU,683.0,45815.0,16.98,36114.72,1.32,0.19,95.94,0.02,2.0,0.52
ZAMORA,684.0,45806.0,16.98,36131.7,5.99,0.22,2.37,0.37,0.53,90.52
MACDONALD,685.0,45782.0,16.97,36148.67,95.05,1.04,0.65,0.29,1.2,1.77
VANCE,686.0,45763.0,16.96,36165.63,83.42,12.46,0.39,0.71,1.51,1.51
SNOW,687.0,45689.0,16.94,36182.57,86.75,8.55,0.48,1.43,1.49,1.3
MCCLAIN,688.0,45560.0,16.89,36199.46,64.2,31.73,0.29,0.4,1.92,1.45
STAFFORD,689.0,45349.0,16.81,36216.27,81.14,14.72,0.35,0.78,1.53,1.48
OROZCO,690.0,45289.0,16.79,36233.06,3.86,0.12,0.39,0.27,0.28,95.07
BARRY,691.0,45044.0,16.7,36249.76,89.21,6.83,0.57,0.41,1.24,1.74
ENGLISH,692.0,45032.0,16.69,36266.45,74.07,21.27,0.56,0.61,1.82,1.66
SHANNON,693.0,44902.0,16.65,36283.1,77.39,18.73,0.45,0.38,1.55,1.5
KLINE,694.0,44900.0,16.64,36299.74,95.38,1.55,0.45,0.33,0.94,1.35
JACOBSON,695.0,44874.0,16.63,36316.37,96.05,0.38,0.53,0.48,1.09,1.47
WOODARD,696.0,44830.0,16.62,36332.99,62.49,33.58,0.3,0.49,1.72,1.41
HUANG,697.0,44715.0,16.58,36349.57,1.03,0.09,96.83,0.02,1.74,0.29
KEMP,698.0,44701.0,16.57,36366.14,73.76,22.17,0.37,0.64,1.71,1.34
MOSLEY,699.0,44698.0,16.57,36382.71,42.69,52.83,0.26,0.53,2.18,1.51
PRINCE,700.0,44640.0,16.55,36399.26,70.04,24.75,0.5,0.75,1.77,2.2
MERRITT,701.0,44626.0,16.54,36415.8,77.23,18.95,0.44,0.61,1.48,1.29
HURST,702.0,44587.0,16.53,36432.33,86.51,10.0,0.36,0.48,1.18,1.47
VILLANUEVA,703.0,44570.0,16.52,36448.85,4.88,0.39,12.52,0.23,1.23,80.75
ROACH,704.0,44454.0,16.48,36465.33,82.24,13.23,0.44,0.76,1.58,1.76
NOLAN,705.0,44421.0,16.47,36481.8,88.58,7.24,0.41,0.52,1.23,2.02
LAM,706.0,44385.0,16.45,36498.25,7.82,0.42,87.47,0.07,2.14,2.08
YODER,707.0,44245.0,16.4,36514.65,98.11,0.14,0.18,0.18,0.71,0.68
MCCULLOUGH,708.0,44123.0,16.36,36531.01,75.87,20.44,0.39,0.38,1.41,1.51
LESTER,709.0,43919.0,16.28,36547.29,77.72,18.1,0.29,1.08,1.32,1.49
SANTANA,710.0,43875.0,16.26,36563.55,6.2,1.14,0.45,0.19,0.88,91.13
VALENZUELA,711.0,43770.0,16.23,36579.78,5.55,0.21,2.36,2.06,0.63,89.18
WINTERS,712.0,43762.0,16.22,36596.0,81.09,14.47,0.53,0.71,1.57,1.64
BARRERA,713.0,43720.0,16.21,36612.21,5.79,0.24,1.34,0.19,0.4,92.03
LEACH,714.0,43666.0,16.19,36628.39,82.67,13.26,0.44,0.79,1.4,1.44
ORR,714.0,43666.0,16.19,36644.58,81.82,13.99,0.58,0.71,1.41,1.49
BERGER,716.0,43556.0,16.15,36660.73,93.9,2.39,0.49,0.35,1.18,1.69
MCKEE,717.0,43555.0,16.15,36676.87,89.46,6.28,0.51,0.84,1.49,1.42
STRONG,718.0,43430.0,16.1,36692.97,69.4,25.19,0.53,1.44,1.73,1.72
CONWAY,719.0,43395.0,16.09,36709.06,83.65,12.16,0.43,0.65,1.49,1.62
STEIN,720.0,43331.0,16.06,36725.12,95.59,0.9,0.51,0.29,1.1,1.63
WHITEHEAD,721.0,43310.0,16.05,36741.17,72.87,23.3,0.32,0.67,1.36,1.47
BULLOCK,722.0,43021.0,15.95,36757.12,64.13,32.0,0.33,0.53,1.66,1.34
ESCOBAR,723.0,42955.0,15.92,36773.05,6.32,0.46,1.83,0.29,0.54,90.56
KNOX,724.0,42937.0,15.92,36788.96,65.71,30.25,0.37,0.65,1.62,1.4
MEADOWS,725.0,42884.0,15.9,36804.86,82.93,13.59,0.27,0.42,1.42,1.36
SOLOMON,726.0,42839.0,15.88,36820.74,62.53,29.65,2.21,1.21,2.2,2.2
VELEZ,727.0,42820.0,15.87,36836.61,7.22,0.97,0.8,0.09,0.57,90.35
ODONNELL,728.0,42802.0,15.87,36852.48,96.46,0.38,0.47,0.18,1.01,1.51
KERR,729.0,42758.0,15.85,36868.33,89.19,6.31,0.64,0.56,1.63,1.67
STOUT,730.0,42669.0,15.82,36884.15,93.47,2.19,0.39,0.82,1.46,1.68
BLANKENSHIP,731.0,42663.0,15.82,36899.96,94.98,1.8,0.25,0.67,1.25,1.04
BROWNING,732.0,42642.0,15.81,36915.77,88.99,7.06,0.42,0.73,1.33,1.47
KENT,733.0,42597.0,15.79,36931.56,86.06,9.88,0.62,0.59,1.48,1.37
LOZANO,734.0,42567.0,15.78,36947.34,6.6,0.26,1.66,0.26,0.44,90.78
BARTLETT,735.0,42512.0,15.76,36963.1,92.43,3.37,0.5,0.54,1.47,1.69
PRUITT,736.0,42463.0,15.74,36978.84,75.13,20.8,0.25,0.74,1.68,1.4
BUCK,737.0,42441.0,15.73,36994.57,89.86,5.42,0.62,1.42,1.38,1.3
BARR,738.0,42432.0,15.73,37010.3,84.99,10.98,0.49,0.91,1.16,1.48
GAINES,739.0,42369.0,15.71,37026.01,45.12,50.27,0.32,0.56,2.06,1.67
DURHAM,740.0,42365.0,15.7,37041.71,75.5,20.74,0.32,0.6,1.54,1.31
GENTRY,741.0,42357.0,15.7,37057.41,84.11,11.83,0.31,0.63,1.51,1.6
MCINTYRE,742.0,42335.0,15.69,37073.11,81.17,15.14,0.47,0.41,1.31,1.5
SLOAN,743.0,42281.0,15.67,37088.78,81.91,13.08,0.42,1.58,1.44,1.57
MELENDEZ,744.0,42139.0,15.62,37104.4,5.63,1.0,0.46,0.31,0.56,92.04
ROCHA,744.0,42139.0,15.62,37120.02,17.47,0.42,0.58,0.37,2.05,79.11
HERMAN,746.0,42091.0,15.6,37135.63,92.35,3.01,0.64,0.94,1.1,1.96
SEXTON,747.0,42080.0,15.6,37151.22,92.92,3.38,0.33,0.73,1.25,1.39
MOON,748.0,42062.0,15.59,37166.82,70.43,10.28,14.85,1.05,1.89,1.5
HENDRICKS,749.0,41879.0,15.52,37182.34,78.17,16.55,0.53,1.26,1.77,1.72
RANGEL,750.0,41868.0,15.52,37197.86,6.08,0.23,0.26,0.26,0.4,92.77
STARK,751.0,41863.0,15.52,37213.38,93.71,2.4,0.47,0.7,1.22,1.49
LOWERY,752.0,41670.0,15.45,37228.83,70.35,22.05,0.27,4.39,1.64,1.3
HARDIN,753.0,41664.0,15.44,37244.27,79.56,15.62,0.36,1.29,1.69,1.47
HULL,754.0,41656.0,15.44,37259.71,87.34,8.23,0.45,0.79,1.44,1.75
SELLERS,755.0,41561.0,15.41,37275.12,78.89,16.91,0.42,0.9,1.42,1.46
ELLISON,756.0,41459.0,15.37,37290.49,68.41,27.61,0.4,0.64,1.54,1.4
CALHOUN,757.0,41452.0,15.37,37305.85,64.38,31.86,0.38,0.47,1.7,1.21
GILLESPIE,758.0,41393.0,15.34,37321.2,83.59,12.8,0.33,0.55,1.18,1.56
MORA,759.0,41348.0,15.33,37336.53,8.64,0.42,1.05,0.36,0.4,89.12
KNAPP,760.0,41267.0,15.3,37351.82,95.9,0.55,0.39,0.5,1.14,1.52
MCCALL,761.0,41231.0,15.28,37367.11,68.45,27.69,0.35,0.44,1.52,1.56
MORSE,762.0,41112.0,15.24,37382.35,91.55,4.35,0.61,0.52,1.55,1.42
DORSEY,763.0,41104.0,15.24,37397.59,43.97,51.81,0.29,0.44,2.27,1.22
WEEKS,764.0,41053.0,15.22,37412.8,86.04,9.64,0.49,0.78,1.41,1.64
NIELSEN,765.0,41007.0,15.2,37428.0,95.63,0.29,0.65,0.5,1.23,1.7
LIVINGSTON,766.0,40964.0,15.19,37443.19,74.69,19.78,0.48,1.83,1.53,1.69
LEBLANC,767.0,40923.0,15.17,37458.36,88.09,7.94,0.36,0.58,1.27,1.76
MCLEAN,768.0,40871.0,15.15,37473.51,70.6,24.8,0.46,0.54,1.8,1.79
BRADSHAW,769.0,40794.0,15.12,37488.63,80.46,15.58,0.35,0.53,1.52,1.56
GLASS,770.0,40724.0,15.1,37503.73,79.39,16.46,0.4,0.85,1.42,1.47
MIDDLETON,771.0,40708.0,15.09,37518.82,69.3,27.04,0.34,0.45,1.58,1.28
BUCKLEY,772.0,40706.0,15.09,37533.91,85.21,10.72,0.46,0.64,1.25,1.71
SCHAEFER,773.0,40663.0,15.07,37548.98,96.61,0.38,0.51,0.29,0.95,1.26
FROST,774.0,40582.0,15.04,37564.03,88.0,7.34,0.6,0.88,1.68,1.5
HOWE,775.0,40555.0,15.03,37579.06,92.25,2.77,0.76,1.22,1.52,1.48
HOUSE,776.0,40477.0,15.0,37594.06,77.33,17.85,0.35,1.61,1.56,1.3
MCINTOSH,777.0,40453.0,15.0,37609.06,72.78,22.22,0.37,1.14,1.96,1.52
HO,778.0,40413.0,14.98,37624.04,2.69,0.26,93.08,0.06,2.99,0.92
PENNINGTON,779.0,40339.0,14.95,37639.0,89.36,7.05,0.32,0.53,1.46,1.29
REILLY,780.0,40310.0,14.94,37653.94,96.07,0.56,0.54,0.14,1.04,1.66
HEBERT,781.0,40283.0,14.93,37668.87,91.99,4.74,0.29,0.41,1.11,1.45
MCFARLAND,782.0,40244.0,14.92,37683.79,80.85,15.39,0.45,0.51,1.33,1.47
HICKMAN,783.0,40224.0,14.91,37698.7,77.49,17.87,0.38,1.12,1.6,1.53
NOBLE,784.0,40217.0,14.91,37713.61,80.83,13.46,1.07,0.66,1.8,2.17
SPEARS,785.0,40203.0,14.9,37728.51,69.54,25.63,0.32,1.4,1.73,1.37
CONRAD,786.0,40102.0,14.87,37743.38,93.61,2.82,0.5,0.59,1.07,1.41
ARIAS,787.0,40086.0,14.86,37758.24,5.8,0.38,0.94,0.22,0.46,92.21
GALVAN,788.0,40046.0,14.84,37773.08,6.87,0.21,0.61,0.39,0.37,91.54
VELAZQUEZ,789.0,40030.0,14.84,37787.92,3.96,0.51,0.13,0.21,0.28,94.89
HUYNH,790.0,40011.0,14.83,37802.75,1.02,0.11,96.17,0.03,2.04,0.63
FREDERICK,791.0,39909.0,14.79,37817.55,82.9,12.8,0.49,0.79,1.49,1.53
RANDOLPH,792.0,39742.0,14.73,37832.28,58.2,37.29,0.4,0.69,2.06,1.38
CANTU,793.0,39601.0,14.68,37846.96,7.67,0.54,0.16,0.26,0.4,90.96
FITZPATRICK,794.0,39501.0,14.64,37861.6,87.12,9.21,0.5,0.37,1.22,1.58
MAHONEY,795.0,39440.0,14.62,37876.22,92.62,4.09,0.47,0.24,1.16,1.42
PECK,796.0,39432.0,14.62,37890.84,92.39,3.45,0.66,0.48,1.38,1.63
VILLA,797.0,39402.0,14.61,37905.45,10.17,0.43,2.09,0.41,0.64,86.25
MICHAEL,798.0,39369.0,14.59,37920.04,86.36,7.62,1.13,0.73,1.93,2.23
DONOVAN,799.0,39270.0,14.56,37934.6,94.59,1.7,0.53,0.23,1.08,1.87
MCCONNELL,800.0,39203.0,14.53,37949.13,90.56,5.67,0.41,0.72,1.4,1.24
WALLS,801.0,39166.0,14.52,37963.65,70.97,25.0,0.28,0.66,1.65,1.43
BOYLE,802.0,39141.0,14.51,37978.16,95.02,1.83,0.42,0.3,0.89,1.54
MAYER,803.0,39111.0,14.5,37992.66,94.55,1.17,0.66,0.3,1.13,2.19
ZUNIGA,804.0,39057.0,14.48,38007.13,4.57,0.42,0.76,0.29,0.34,93.62
GILES,805.0,39002.0,14.46,38021.59,67.59,26.14,0.35,0.5,1.65,3.77
PINEDA,806.0,38999.0,14.46,38036.05,4.29,0.35,5.46,0.15,0.52,89.23
PACE,807.0,38975.0,14.45,38050.5,80.08,15.91,0.47,0.43,1.52,1.59
HURLEY,808.0,38971.0,14.45,38064.94,91.9,4.48,0.52,0.62,1.24,1.24
MAYS,809.0,38914.0,14.43,38079.37,57.59,38.43,0.28,0.47,1.85,1.37
MCMILLAN,810.0,38896.0,14.42,38093.79,70.88,24.45,0.42,1.16,1.76,1.33
CROSBY,811.0,38844.0,14.4,38108.19,72.62,23.1,0.42,0.79,1.44,1.63
AYERS,812.0,38836.0,14.4,38122.58,85.0,11.37,0.44,0.43,1.55,1.21
CASE,813.0,38759.0,14.37,38136.95,93.55,2.0,0.58,1.04,1.34,1.49
BENTLEY,814.0,38714.0,14.35,38151.3,84.0,12.12,0.43,0.45,1.4,1.61
SHEPARD,815.0,38705.0,14.35,38165.65,78.43,17.14,0.43,0.9,1.48,1.62
EVERETT,816.0,38702.0,14.35,38180.0,71.64,23.31,0.39,0.63,1.6,2.43
PUGH,817.0,38691.0,14.34,38194.34,69.78,26.94,0.36,0.4,1.32,1.2
DAVID,818.0,38659.0,14.33,38208.67,65.29,13.75,10.5,1.84,2.6,6.03
MCMAHON,819.0,38557.0,14.29,38222.96,94.85,1.97,0.49,0.22,1.05,1.42
DUNLAP,820.0,38516.0,14.28,38237.24,77.58,18.61,0.32,0.61,1.49,1.39
BENDER,821.0,38464.0,14.26,38251.5,90.21,6.15,0.46,0.61,1.27,1.29
HAHN,822.0,38354.0,14.22,38265.72,91.64,0.38,5.2,0.28,1.24,1.27
HARDING,823.0,38340.0,14.21,38279.93,82.19,13.2,0.55,0.81,1.64,1.62
ACEVEDO,824.0,38232.0,14.17,38294.1,5.58,0.67,0.4,0.23,0.49,92.63
RAYMOND,825.0,38158.0,14.15,38308.25,82.76,11.12,0.79,0.88,2.08,2.38
BLACKBURN,826.0,38137.0,14.14,38322.38,88.9,7.01,0.37,0.83,1.47,1.41
DUFFY,827.0,37962.0,14.07,38336.46,92.13,4.13,0.62,0.47,1.16,1.5
LANDRY,828.0,37961.0,14.07,38350.53,84.84,11.98,0.39,0.37,1.18,1.23
DOUGHERTY,829.0,37903.0,14.05,38364.58,95.88,1.0,0.42,0.29,0.93,1.49
BAUTISTA,830.0,37847.0,14.03,38378.61,3.76,0.3,22.04,0.49,1.85,71.56
SHAH,831.0,37833.0,14.02,38392.63,4.05,1.14,87.8,0.24,5.88,0.89
POTTS,832.0,37687.0,13.97,38406.6,81.77,13.81,0.41,1.25,1.45,1.3
ARROYO,833.0,37678.0,13.97,38420.57,5.26,0.68,1.01,0.18,0.38,92.48
VALENTINE,834.0,37669.0,13.96,38434.54,68.97,22.19,0.45,0.54,1.77,6.07
MEZA,835.0,37662.0,13.96,38448.5,4.25,0.29,0.17,0.3,0.25,94.73
GOULD,836.0,37660.0,13.96,38462.46,88.59,6.7,0.53,1.29,1.46,1.42
VAUGHAN,837.0,37591.0,13.93,38476.39,84.03,12.38,0.37,0.49,1.33,1.39
FRY,838.0,37542.0,13.92,38490.31,92.6,3.13,0.5,0.9,1.43,1.45
RUSH,839.0,37470.0,13.89,38504.2,76.89,19.33,0.41,0.58,1.32,1.47
AVERY,840.0,37440.0,13.88,38518.08,72.69,23.06,0.44,0.73,1.67,1.42
HERRING,841.0,37353.0,13.85,38531.92,74.74,21.57,0.39,0.39,1.41,1.5
DODSON,842.0,37298.0,13.83,38545.75,83.09,12.23,0.42,1.13,1.61,1.51
CLEMENTS,843.0,37237.0,13.8,38559.55,86.47,9.71,0.38,0.55,1.44,1.46
SAMPSON,844.0,37234.0,13.8,38573.36,62.78,28.87,0.62,3.81,2.16,1.76
TAPIA,845.0,37201.0,13.79,38587.15,5.19,0.29,0.66,0.53,0.47,92.87
BEAN,846.0,37145.0,13.77,38600.92,83.01,12.77,0.45,0.86,1.48,1.45
LYNN,847.0,37125.0,13.76,38614.68,86.49,8.78,0.96,0.68,1.4,1.68
CRANE,848.0,37123.0,13.76,38628.44,91.58,4.27,0.54,0.68,1.3,1.62
FARLEY,849.0,37116.0,13.76,38642.2,85.58,10.34,0.43,0.75,1.39,1.52
CISNEROS,850.0,37050.0,13.73,38655.93,4.98,0.27,0.18,0.22,0.31,94.05
BENTON,851.0,37032.0,13.73,38669.66,71.59,23.99,0.44,0.82,1.68,1.49
ASHLEY,852.0,37021.0,13.72,38683.38,74.37,19.6,0.39,2.36,1.7,1.58
MCKAY,853.0,36948.0,13.7,38697.08,82.16,12.95,0.52,1.11,1.64,1.63
FINLEY,854.0,36874.0,13.67,38710.75,74.74,20.65,0.42,1.2,1.58,1.41
BEST,855.0,36862.0,13.66,38724.41,73.73,22.04,0.33,0.53,1.48,1.88
BLEVINS,856.0,36841.0,13.66,38738.07,91.1,4.76,0.29,1.03,1.67,1.15
FRIEDMAN,857.0,36833.0,13.65,38751.72,96.54,0.46,0.4,0.11,1.26,1.22
MOSES,858.0,36814.0,13.65,38765.37,57.92,33.8,1.5,2.86,2.24,1.68
SOSA,859.0,36813.0,13.65,38779.02,5.76,0.44,0.65,0.21,0.49,92.45
BLANCHARD,860.0,36764.0,13.63,38792.65,87.06,8.63,0.41,0.86,1.38,1.67
HUBER,861.0,36729.0,13.62,38806.26,96.62,0.35,0.45,0.31,0.98,1.3
FRYE,862.0,36716.0,13.61,38819.87,84.31,11.53,0.41,0.92,1.49,1.35
KRUEGER,863.0,36694.0,13.6,38833.47,97.06,0.16,0.43,0.29,0.9,1.15
BERNARD,864.0,36546.0,13.55,38847.02,67.36,23.32,0.77,0.73,2.2,5.62
ROSARIO,865.0,36539.0,13.54,38860.57,6.17,1.69,4.11,0.16,1.09,86.79
RUBIO,866.0,36531.0,13.54,38874.11,6.4,0.39,1.85,0.42,0.53,90.41
MULLEN,867.0,36442.0,13.51,38887.62,89.68,6.41,0.58,0.56,1.24,1.54
BENJAMIN,868.0,36439.0,13.51,38901.13,53.29,39.24,1.82,0.94,2.37,2.35
HALEY,869.0,36433.0,13.51,38914.63,83.27,12.9,0.4,0.66,1.36,1.41
CHUNG,870.0,36422.0,13.5,38928.13,2.34,1.93,91.02,0.04,3.62,1.05
MOYER,871.0,36421.0,13.5,38941.63,94.94,2.26,0.41,0.35,0.95,1.09
CHOI,872.0,36390.0,13.49,38955.12,1.5,0.15,96.46,0.03,1.51,0.35
HORNE,873.0,36288.0,13.45,38968.58,73.44,22.96,0.42,0.54,1.39,1.25
YU,874.0,36285.0,13.45,38982.03,1.45,(S),96.22,(S),1.68,0.56
WOODWARD,875.0,36242.0,13.43,38995.46,91.25,4.72,0.59,0.54,1.42,1.49
ALI,876.0,36079.0,13.37,39008.84,15.25,21.83,41.9,0.58,17.49,2.95
NIXON,877.0,36037.0,13.36,39022.19,65.46,29.85,0.42,0.64,1.75,1.89
HAYDEN,878.0,36024.0,13.35,39035.55,82.78,13.35,0.44,0.39,1.66,1.39
RIVERS,879.0,35980.0,13.34,39048.89,42.48,50.21,0.54,1.98,2.26,2.53
ESTES,880.0,35839.0,13.29,39062.17,88.53,6.72,0.46,1.18,1.49,1.63
MCCARTY,881.0,35718.0,13.24,39075.41,90.18,5.82,0.34,0.81,1.37,1.49
RICHMOND,882.0,35715.0,13.24,39088.65,74.23,21.73,0.46,0.59,1.67,1.32
STUART,883.0,35701.0,13.23,39101.89,85.41,9.81,0.46,0.53,1.66,2.14
MAYNARD,884.0,35648.0,13.21,39115.1,88.94,6.64,0.35,0.73,1.37,1.96
BRANDT,885.0,35616.0,13.2,39128.3,95.56,0.8,0.54,0.34,1.08,1.69
OCONNELL,886.0,35610.0,13.2,39141.5,96.43,0.29,0.5,0.2,1.12,1.45
HANNA,887.0,35599.0,13.2,39154.7,87.38,6.46,0.61,0.63,3.14,1.77
SANFORD,888.0,35565.0,13.18,39167.88,78.41,17.36,0.41,0.62,1.6,1.6
SHEPPARD,889.0,35554.0,13.18,39181.06,70.37,25.26,0.39,0.7,1.56,1.72
CHURCH,890.0,35539.0,13.17,39194.24,90.86,5.22,0.37,0.7,1.41,1.44
BURCH,891.0,35521.0,13.17,39207.41,80.58,14.86,0.46,0.82,1.56,1.73
LEVY,892.0,35464.0,13.15,39220.55,82.6,11.23,0.62,0.17,1.77,3.6
RASMUSSEN,893.0,35453.0,13.14,39233.69,96.02,0.2,0.67,0.32,1.18,1.62
COFFEY,894.0,35442.0,13.14,39246.83,89.96,6.37,0.39,0.62,1.31,1.36
PONCE,895.0,35400.0,13.12,39259.96,6.34,0.36,1.93,0.22,0.49,90.66
FAULKNER,896.0,35389.0,13.12,39273.07,81.58,14.54,0.41,0.52,1.44,1.5
DONALDSON,897.0,35387.0,13.12,39286.19,74.7,21.23,0.42,0.44,1.66,1.55
SCHMITT,898.0,35326.0,13.1,39299.29,96.82,0.19,0.42,0.32,0.88,1.37
NOVAK,899.0,35282.0,13.08,39312.37,96.84,0.27,0.44,0.24,0.95,1.26
COSTA,900.0,35227.0,13.06,39325.42,83.35,1.21,1.38,0.36,5.22,8.48
MONTES,901.0,35196.0,13.05,39338.47,5.88,0.61,0.83,0.36,0.48,91.83
BOOKER,902.0,35101.0,13.01,39351.48,30.09,65.57,0.18,0.33,2.34,1.49
CORDOVA,903.0,35074.0,13.0,39364.48,11.18,0.64,1.29,0.84,0.72,85.32
WALLER,904.0,35001.0,12.97,39377.46,71.82,24.64,0.38,0.39,1.52,1.26
ARELLANO,905.0,34999.0,12.97,39390.43,5.02,0.15,2.78,0.3,0.52,91.23
MADDOX,906.0,34970.0,12.96,39403.4,72.36,23.99,0.27,0.58,1.56,1.23
MATA,907.0,34888.0,12.93,39416.33,6.15,0.21,2.42,0.35,0.82,90.05
BONILLA,908.0,34824.0,12.91,39429.24,5.49,0.85,1.14,0.19,0.53,91.81
STANTON,909.0,34812.0,12.9,39442.14,84.09,11.72,0.48,0.64,1.53,1.54
COMPTON,910.0,34788.0,12.9,39455.04,88.96,7.22,0.34,0.74,1.22,1.51
KAUFMAN,911.0,34786.0,12.9,39467.93,95.77,1.31,0.46,0.23,0.93,1.29
DUDLEY,912.0,34770.0,12.89,39480.82,68.68,26.99,0.4,0.65,1.69,1.59
MCPHERSON,913.0,34763.0,12.89,39493.71,76.9,18.88,0.43,0.67,1.7,1.43
BELTRAN,914.0,34736.0,12.88,39506.59,5.93,0.3,3.49,0.28,0.5,89.5
DICKSON,915.0,34698.0,12.86,39519.45,78.17,16.55,0.53,1.25,1.59,1.91
MCCANN,916.0,34692.0,12.86,39532.31,91.23,5.39,0.49,0.4,1.12,1.38
VILLEGAS,917.0,34684.0,12.86,39545.17,4.47,0.33,3.2,0.39,0.49,91.11
PROCTOR,918.0,34682.0,12.86,39558.02,72.28,21.24,0.41,2.25,2.32,1.5
HESTER,919.0,34675.0,12.85,39570.88,75.85,20.78,0.42,0.37,1.45,1.14
CANTRELL,920.0,34674.0,12.85,39583.73,91.12,4.65,0.36,1.28,1.22,1.37
DAUGHERTY,921.0,34650.0,12.84,39596.58,91.64,4.17,0.43,0.98,1.43,1.34
CHERRY,922.0,34615.0,12.83,39609.41,60.87,34.98,0.51,0.44,1.81,1.38
BRAY,923.0,34575.0,12.82,39622.22,83.07,12.27,0.47,0.82,1.62,1.75
DAVILA,924.0,34541.0,12.8,39635.03,6.71,0.72,0.35,0.21,0.41,91.6
ROWLAND,925.0,34498.0,12.79,39647.82,88.72,6.97,0.47,0.99,1.37,1.48
LEVINE,926.0,34472.0,12.78,39660.6,92.54,3.96,0.45,0.15,1.04,1.87
MADDEN,926.0,34472.0,12.78,39673.37,86.7,9.78,0.46,0.39,1.37,1.29
SPENCE,928.0,34435.0,12.76,39686.14,75.73,19.67,0.46,0.58,1.74,1.81
GOOD,929.0,34430.0,12.76,39698.9,91.3,5.11,0.48,0.44,1.18,1.47
IRWIN,930.0,34374.0,12.74,39711.64,93.92,2.15,0.49,0.66,1.31,1.47
WERNER,931.0,34352.0,12.73,39724.38,96.4,0.37,0.59,0.27,0.97,1.39
KRAUSE,932.0,34345.0,12.73,39737.11,96.58,0.39,0.51,0.36,0.85,1.3
PETTY,933.0,34278.0,12.71,39749.82,75.78,20.32,0.33,0.56,1.56,1.46
WHITNEY,934.0,34251.0,12.7,39762.51,87.11,8.41,0.72,0.66,1.46,1.64
BAIRD,935.0,34233.0,12.69,39775.2,93.1,2.99,0.56,0.61,1.23,1.5
HOOPER,936.0,34084.0,12.63,39787.84,81.92,13.06,0.47,1.19,1.57,1.8
POLLARD,937.0,34079.0,12.63,39800.47,65.1,30.34,0.46,0.49,2.08,1.54
ZAVALA,938.0,34068.0,12.63,39813.1,4.1,0.17,0.16,0.16,0.31,95.1
JARVIS,939.0,34050.0,12.62,39825.72,87.02,8.4,0.45,0.5,1.69,1.94
HOLDEN,940.0,34041.0,12.62,39838.34,78.91,16.9,0.37,0.85,1.55,1.41
HAAS,941.0,34032.0,12.62,39850.96,96.67,0.23,0.42,0.37,0.92,1.39
HENDRIX,941.0,34032.0,12.62,39863.57,80.35,15.49,0.32,0.71,1.77,1.35
MCGRATH,943.0,34031.0,12.62,39876.19,95.91,0.59,0.51,0.38,0.99,1.61
BIRD,944.0,33962.0,12.59,39888.78,90.03,3.09,0.74,2.63,1.58,1.92
LUCERO,945.0,33922.0,12.57,39901.35,11.88,0.22,2.46,3.08,0.88,81.49
TERRELL,946.0,33914.0,12.57,39913.92,57.43,38.31,0.27,0.77,1.75,1.47
RIGGS,947.0,33868.0,12.55,39926.48,89.44,5.83,0.34,1.46,1.48,1.44
JOYCE,948.0,33843.0,12.55,39939.02,89.32,7.51,0.49,0.29,1.17,1.22
MERCER,949.0,33797.0,12.53,39951.55,83.74,12.35,0.39,0.64,1.27,1.61
ROLLINS,949.0,33797.0,12.53,39964.08,70.86,25.07,0.31,0.53,1.64,1.59
GALLOWAY,951.0,33773.0,12.52,39976.6,72.1,23.51,0.4,0.55,1.65,1.79
DUKE,952.0,33745.0,12.51,39989.11,87.36,7.93,0.53,0.52,1.37,2.28
ODOM,953.0,33717.0,12.5,40001.61,71.3,25.06,0.35,0.58,1.46,1.25
ANDERSEN,954.0,33508.0,12.42,40014.03,95.51,0.57,0.63,0.41,1.16,1.72
DOWNS,955.0,33494.0,12.42,40026.45,85.69,9.75,0.39,0.61,1.37,2.19
HATFIELD,956.0,33464.0,12.41,40038.85,93.68,2.77,0.36,0.61,1.32,1.26
BENITEZ,957.0,33441.0,12.4,40051.25,4.97,0.53,1.84,0.12,0.44,92.11
ARCHER,958.0,33411.0,12.39,40063.63,81.9,12.99,0.43,0.65,1.96,2.07
HUERTA,959.0,33348.0,12.36,40075.99,4.44,0.22,0.3,0.19,0.25,94.6
TRAVIS,960.0,33339.0,12.36,40088.35,76.04,20.02,0.49,0.42,1.45,1.58
MCNEIL,961.0,33239.0,12.32,40100.68,55.32,40.8,0.3,0.67,1.57,1.34
HINTON,962.0,33209.0,12.31,40112.99,55.63,40.04,0.31,1.14,1.7,1.18
ZHANG,963.0,33202.0,12.31,40125.29,0.61,0.09,98.16,0.02,0.96,0.16
HAYS,964.0,33194.0,12.3,40137.6,92.62,3.52,0.44,0.6,1.32,1.5
MAYO,965.0,33126.0,12.28,40149.88,67.05,22.51,1.74,0.91,1.91,5.87
FRITZ,966.0,33068.0,12.26,40162.14,94.65,2.1,0.45,0.41,0.94,1.45
BRANCH,967.0,33040.0,12.25,40174.38,49.23,46.39,0.27,0.49,1.76,1.86
MOONEY,968.0,32953.0,12.22,40186.6,92.39,3.97,0.49,0.6,1.26,1.29
EWING,969.0,32925.0,12.21,40198.8,78.68,17.11,0.56,0.43,1.57,1.64
RITTER,970.0,32864.0,12.18,40210.99,94.11,2.86,0.36,0.38,1.1,1.2
ESPARZA,971.0,32772.0,12.15,40223.14,5.4,0.14,0.15,0.35,0.23,93.72
FREY,972.0,32735.0,12.13,40235.27,96.24,0.87,0.43,0.29,0.97,1.2
BRAUN,973.0,32676.0,12.11,40247.38,95.97,0.5,0.54,0.24,0.96,1.78
GAY,974.0,32672.0,12.11,40259.5,73.81,21.5,0.65,0.74,1.46,1.84
RIDDLE,975.0,32654.0,12.1,40271.6,89.84,5.62,0.42,1.06,1.64,1.43
HANEY,976.0,32644.0,12.1,40283.7,88.96,7.03,0.36,0.82,1.51,1.31
KAISER,977.0,32567.0,12.07,40295.77,94.64,1.69,0.7,0.48,1.09,1.4
HOLDER,978.0,32466.0,12.04,40307.81,76.28,18.99,0.4,0.79,1.8,1.75
CHANEY,979.0,32433.0,12.02,40319.83,73.58,22.34,0.38,0.81,1.56,1.34
MCKNIGHT,980.0,32386.0,12.01,40331.84,62.47,33.86,0.38,0.42,1.62,1.24
GAMBLE,981.0,32377.0,12.0,40343.84,59.63,35.93,0.4,0.89,1.68,1.47
VANG,982.0,32333.0,11.99,40355.82,1.44,0.15,92.9,0.05,4.83,0.63
COOLEY,983.0,32287.0,11.97,40367.79,80.16,16.22,0.36,0.85,1.26,1.16
CARNEY,984.0,32282.0,11.97,40379.76,87.32,8.39,0.5,0.96,1.25,1.57
COWAN,985.0,32242.0,11.95,40391.71,81.67,14.38,0.42,0.58,1.39,1.55
FORBES,986.0,32228.0,11.95,40403.66,74.24,20.26,0.6,0.53,1.89,2.48
FERRELL,987.0,32174.0,11.93,40415.59,76.95,19.21,0.35,0.43,1.4,1.66
DAVIES,988.0,32165.0,11.92,40427.51,91.34,5.01,0.59,0.31,1.28,1.46
BARAJAS,989.0,32147.0,11.92,40439.43,3.28,0.17,0.17,0.18,0.23,95.97
SHEA,990.0,32069.0,11.89,40451.31,95.74,0.34,1.35,0.21,0.97,1.4
OSBORN,991.0,32044.0,11.88,40463.19,92.72,2.85,0.51,0.79,1.49,1.64
BRIGHT,992.0,32042.0,11.88,40475.07,73.21,22.33,0.72,0.62,1.67,1.44
CUEVAS,993.0,32015.0,11.87,40486.94,9.04,0.34,1.85,0.22,0.49,88.05
BOLTON,994.0,31995.0,11.86,40498.8,75.55,20.39,0.39,0.54,1.51,1.62
MURILLO,995.0,31964.0,11.85,40510.65,4.81,0.3,0.87,0.39,0.49,93.13
LUTZ,996.0,31940.0,11.84,40522.49,96.18,0.54,0.44,0.23,0.95,1.64
DUARTE,997.0,31896.0,11.82,40534.31,18.08,1.31,1.02,0.3,2.73,76.56
KIDD,998.0,31886.0,11.82,40546.13,76.98,18.85,0.84,0.52,1.65,1.16
KEY,999.0,31882.0,11.82,40557.95,71.31,23.7,0.72,0.9,1.68,1.69
COOKE,1000.0,31860.0,11.81,40569.76,80.5,15.06,0.44,1.16,1.37,1.47
